shot_id,shot_made_flag
1,0.3469042994874718
8,0.35096944380980133
17,0.7500903791949469
20,0.7500903791949469
33,0.32985225422575004
34,0.3585621108232682
35,0.29456281169267967
36,0.37773972786447174
37,0.6911923006222274
38,0.34043241019797665
45,0.3552135643553988
50,0.34017594211699825
55,0.31706525404391356
60,0.3292159867184757
66,0.29348801708660205
67,0.33860810518619605
71,0.3486460286141038
80,0.3328184260493568
85,0.32347590109964575
86,0.5268696879053127
95,0.5213961148088544
104,0.34043241019797665
113,0.3422952643775489
123,0.3245968709447304
126,0.7721491779745165
133,0.7173366105343142
141,0.29611394504612065
144,0.3344060963022283
150,0.7500903791949469
152,0.3547580906619645
153,0.7500903791949469
156,0.3100576371349347
159,0.9437466107191128
165,0.6036971655816559
172,0.3585621108232682
182,0.9148592088270746
192,0.33821850352493854
193,0.7221382441919034
196,0.34464469218502825
202,0.34045897637810885
210,0.297794755171418
211,0.3422952643775489
228,0.9472715893886007
257,0.3533879787442678
260,0.3533879787442678
264,0.3513768824002051
267,0.6357457179138495
279,0.9148592088270746
282,0.3585621108232682
293,0.35585195621149573
299,0.768000546104934
300,0.6645240670377264
301,0.7454744673736791
317,0.3427814334997885
327,0.35474877156744056
328,0.34176962485006823
335,0.3158712144046903
346,0.7695146275964032
348,0.2967538897520573
365,0.3502182861749517
390,0.7500903791949469
391,0.7500903791949469
392,0.7648022601064576
397,0.32368556373776736
418,0.3534604977513735
428,0.3448728899266454
434,0.5562580278612372
439,0.4180268055321919
440,0.35474877156744056
456,0.33466270110681356
459,0.29978682841079746
472,0.35494914680238565
480,0.260361573716818
491,0.32668021153312776
497,0.3313302803701634
509,0.3514292684298241
511,0.33856405429693864
523,0.298469171888886
533,0.3486460286141038
544,0.4180268055321919
546,0.3438632840205428
555,0.7221382441919034
558,0.35245129798603364
560,0.32310296887251777
573,0.26676535038388294
591,0.35533727159083406
596,0.32771244938695004
597,0.3422952643775489
601,0.5705722115506733
605,0.3585621108232682
617,0.3436525177272212
628,0.3448135221090852
634,0.3294272100612455
646,0.3343090934443813
649,0.3579221661173317
651,0.7221382441919034
654,0.8546064195371059
656,0.4180268055321919
657,0.36292208303341406
669,0.3486460286141038
670,0.9148592088270746
693,0.6762063056376535
694,0.28742515956850034
699,0.3442904855635805
711,0.3486460286141038
718,0.34653862314052747
722,0.3448728899266454
723,0.28061654225643945
725,0.5681345408181381
734,0.3258889402592771
735,0.3158712144046903
737,0.7475516229768323
746,0.3258889402592771
747,0.6574118759915002
766,0.3333346255533636
767,0.32519267317164513
771,0.2613009016527788
773,0.2564759014323514
774,0.34682924240668817
783,0.29348801708660205
784,0.34396707597023374
789,0.3245968709447304
792,0.3534604977513735
804,0.3424751404016532
809,0.34017594211699825
812,0.3447934834115045
813,0.34148327715333254
817,0.3326433602304993
820,0.3429306292319323
825,0.3422952643775489
826,0.3579221661173317
829,0.33354263931145733
855,0.35258832554389663
859,0.7500903791949469
862,0.35408918678275975
870,0.3427602259862276
876,0.3258889402592771
880,0.3487285899993076
886,0.9530593317051739
889,0.7726298883317778
891,0.3158712144046903
897,0.9530593317051739
902,0.3248317998348007
903,0.3301160084915401
908,0.33438519240736747
909,0.3431456872039596
920,0.30052756618815707
922,0.3527480340383312
924,0.6331197202797754
932,0.34835192994969166
934,0.3285818771018228
937,0.35408918678275975
941,0.34653862314052747
943,0.3429306292319323
950,0.3422952643775489
952,0.32841516082407485
954,0.9148592088270746
963,0.3423218305576811
975,0.34017594211699825
979,0.3431456872039596
981,0.3574623285154776
983,0.34570732493538014
985,0.6237527431837551
989,0.6029296229782701
995,0.3585621108232682
998,0.4180268055321919
1008,0.33060767202393215
1019,0.724924055814781
1023,0.35254265672714946
1026,0.3518758618308544
1029,0.6357457179138495
1034,0.7938484071564236
1036,0.6523536077134294
1038,0.34668815707700923
1039,0.6412943990435317
1051,0.3100576371349347
1052,0.28989903640635895
1066,0.3306903356642268
1087,0.27910580640981814
1092,0.3513768824002051
1094,0.6245679215271317
1098,0.3585621108232682
1099,0.2848579381623057
1102,0.33651369207122145
1118,0.3447934834115045
1131,0.3310311735141146
1133,0.7221382441919034
1135,0.9148592088270746
1138,0.4180268055321919
1139,0.8546064195371059
1142,0.3498280866566937
1151,0.3273169940495062
1152,0.3422952643775489
1155,0.6400096598501638
1165,0.34319390831948
1167,0.9141765576087533
1172,0.35668737643209253
1174,0.6705335732087244
1180,0.4180268055321919
1200,0.34315033065560613
1202,0.3364711839123861
1227,0.535584857213671
1228,0.6549338666926554
1229,0.34043241019797665
1237,0.3158712144046903
1241,0.3313302803701634
1256,0.33043283453335254
1279,0.35494914680238565
1293,0.3158712144046903
1295,0.34329911330874574
1319,0.7500903791949469
1320,0.35612924230009063
1321,0.7896953380263425
1322,0.7110284542022787
1334,0.3515810931347446
1351,0.7257861761995207
1373,0.3386730399172762
1375,0.3445853243674681
1380,0.5361221549153943
1382,0.6588165414685587
1385,0.3580969406610531
1399,0.33732513619399135
1403,0.9148592088270746
1428,0.33076046735334624
1434,0.3248317998348007
1444,0.9459672253291208
1448,0.333743807113975
1466,0.7728764542426703
1476,0.3551750383125727
1478,0.35343702988897213
1485,0.3374554422887192
1491,0.7500903791949469
1494,0.6393013371046478
1500,0.3158712144046903
1501,0.6371658545018689
1503,0.35322185677301865
1519,0.7173366105343142
1524,0.33215031925943683
1529,0.7695146275964032
1533,0.727425767133256
1538,0.9468381819695555
1539,0.3420387962965705
1546,0.4180268055321919
1555,0.3585621108232682
1559,0.34272592435369637
1563,0.6615149426682793
1565,0.7500903791949469
1574,0.34508608479697533
1591,0.34611496812195985
1594,0.2564759014323514
1605,0.3245968709447304
1611,0.35459300841114477
1614,0.3502182861749517
1620,0.3466763762886575
1626,0.33476979371498583
1630,0.3579221661173317
1632,0.35453486468010786
1634,0.3361377083107083
1643,0.34043241019797665
1651,0.35609036550902207
1655,0.34043241019797665
1658,0.33860810518619605
1659,0.3645324553373959
1665,0.3495844721730955
1675,0.3303736854906673
1680,0.6036971655816559
1690,0.3585621108232682
1696,0.320794680528064
1714,0.27926430891419773
1721,0.3462905034981287
1726,0.34272592435369637
1728,0.34669699802338777
1734,0.35155710844643256
1735,0.35062958915666204
1740,0.33040889553564323
1744,0.7766825100510193
1747,0.34329911330874574
1752,0.2634155472578286
1763,0.7500903791949469
1765,0.7500903791949469
1769,0.34197120564089345
1785,0.6510544955776537
1787,0.34975741694918516
1788,0.3158712144046903
1793,0.3371582508936454
1800,0.3551750383125727
1825,0.3585621108232682
1826,0.7221382441919034
1834,0.3431456872039596
1843,0.35474877156744056
1844,0.357460407891575
1848,0.3258889402592771
1849,0.3158712144046903
1860,0.3158712144046903
1863,0.3158712144046903
1875,0.6445058058207234
1883,0.35430920209644906
1890,0.3427814334997885
1892,0.35268140169919304
1893,0.3513768824002051
1897,0.33036690658418594
1905,0.3422952643775489
1908,0.5556305358972099
1931,0.33911454259240453
1940,0.8546064195371059
1943,0.3583482039359356
1947,0.2694901052830146
1965,0.7232118400367382
1967,0.358929377512528
1968,0.3522893723980106
1972,0.7221382441919034
1982,0.33760046733360455
1985,0.33476979371498583
2005,0.7842380140621179
2010,0.7763404073399839
2021,0.3513768824002051
2024,0.7657832713879558
2036,0.33966601032252375
2043,0.5357811736610408
2047,0.5131538677705867
2049,0.3422952643775489
2055,0.3448728899266454
2065,0.35018471450450095
2066,0.2634155472578286
2070,0.31048875953978977
2077,0.8777505524871458
2085,0.6436967981881337
2095,0.5153133455509734
2097,0.716224780083102
2108,0.4180268055321919
2112,0.6547226601555759
2113,0.6248539810314321
2122,0.3448728899266454
2139,0.3585621108232682
2144,0.5177185971370187
2146,0.32347590109964575
2148,0.35474877156744056
2149,0.7257861761995207
2157,0.34618474287278683
2159,0.32884020498857947
2168,0.3585621108232682
2176,0.4180268055321919
2178,0.716224780083102
2181,0.32437542786511325
2187,0.7611239285811798
2188,0.28899230860346875
2190,0.2634155472578286
2194,0.3158712144046903
2197,0.29611394504612065
2214,0.3333346255533636
2217,0.32558456973743605
2222,0.3477824390667092
2223,0.26676535038388294
2226,0.32519267317164513
2230,0.727425767133256
2240,0.3100576371349347
2247,0.35258832554389663
2250,0.3381038073257764
2259,0.526586653644202
2262,0.358342231551066
2266,0.35474877156744056
2305,0.3429306292319323
2310,0.3420387962965705
2313,0.3158712144046903
2319,0.7653424893712216
2320,0.6510428644255029
2345,0.3242727996134143
2350,0.716224780083102
2356,0.3422952643775489
2360,0.5155415432925905
2370,0.35474877156744056
2386,0.3486460286141038
2398,0.3097104117449404
2414,0.7221382441919034
2435,0.7500903791949469
2439,0.3100576371349347
2446,0.7500903791949469
2458,0.3228025582590439
2465,0.3245968709447304
2466,0.35494914680238565
2470,0.335262431759177
2495,0.7221382441919034
2501,0.41571355358157075
2507,0.29348801708660205
2533,0.15661064514033715
2537,0.3497446245973223
2538,0.3245968709447304
2541,0.262207629455669
2542,0.7500903791949469
2544,0.7900828948061724
2554,0.27926430891419773
2555,0.26288130077706007
2565,0.6528868435799129
2575,0.7857759848531178
2586,0.4180268055321919
2588,0.3431456872039596
2594,0.716224780083102
2617,0.4180268055321919
2618,0.33911454259240453
2623,0.9468381819695555
2631,0.4180268055321919
2640,0.33076046735334624
2642,0.7221382441919034
2647,0.3427268636803745
2663,0.3486460286141038
2664,0.3574623285154776
2676,0.3551750383125727
2680,0.9472715893886007
2681,0.35430920209644906
2691,0.33821850352493854
2693,0.358929377512528
2695,0.4180268055321919
2704,0.33821850352493854
2708,0.32558456973743605
2709,0.9472715893886007
2717,0.7500903791949469
2722,0.35430920209644906
2728,0.3402147184139585
2732,0.7500903791949469
2743,0.3363895795903205
2752,0.30296551606775735
2757,0.7500903791949469
2761,0.3158712144046903
2769,0.2820160561336382
2771,0.3158712144046903
2774,0.3502182861749517
2776,0.3513768824002051
2781,0.32981816345674997
2793,0.3386301575660055
2799,0.3420387962965705
2803,0.3398082634416081
2811,0.343424319985604
2818,0.34043241019797665
2824,0.6032237718550617
2828,0.7500903791949469
2829,0.34272592435369637
2830,0.35494914680238565
2842,0.7500903791949469
2847,0.7257861761995207
2848,0.34017594211699825
2868,0.32786147881899624
2870,0.2634155472578286
2885,0.3478254933960756
2886,0.3431456872039596
2889,0.5487794616410894
2903,0.3551750383125727
2904,0.7500903791949469
2918,0.7858805821313205
2919,0.3398449922095521
2922,0.3533879787442678
2923,0.3272547347451942
2931,0.2911069542085186
2945,0.34128283302438733
2955,0.3579221661173317
2957,0.716224780083102
2960,0.7221382441919034
2963,0.3237606362182639
2966,0.8546064195371059
2972,0.6308332072209477
2974,0.35491578634263216
2982,0.33076046735334624
2984,0.6489594905892041
3016,0.4180268055321919
3021,0.3445853243674681
3023,0.8546064195371059
3025,0.35459300841114477
3029,0.2592392770528699
3034,0.7500903791949469
3038,0.3398449922095521
3040,0.35459300841114477
3051,0.7643633440982396
3062,0.34045897637810885
3069,0.3420387962965705
3071,0.3326433602304993
3076,0.9459672253291208
3079,0.284792814561368
3081,0.2817524536746707
3082,0.35430920209644906
3084,0.7191466473597292
3098,0.32668021153312776
3104,0.35408918678275975
3105,0.34081052064087325
3114,0.7500903791949469
3118,0.35435260853132106
3122,0.2817524536746707
3132,0.29611394504612065
3138,0.3574623285154776
3141,0.4180268055321919
3156,0.716224780083102
3162,0.7221382441919034
3167,0.3207339524148762
3170,0.3585621108232682
3171,0.3445853243674681
3172,0.3422952643775489
3176,0.9530593317051739
3180,0.33905530129084
3189,0.2817524536746707
3198,0.34870539643166404
3206,0.35293629320361686
3215,0.3203328001818763
3222,0.8233453327344389
3228,0.34043241019797665
3229,0.34043241019797665
3232,0.34780197844076055
3233,0.32534209847343
3238,0.3422952643775489
3256,0.6105325948239428
3264,0.5240418172024194
3273,0.3527480340383312
3275,0.6827868085387303
3285,0.40304778280567327
3289,0.28899230860346875
3294,0.33741926764405444
3306,0.3427814334997885
3311,0.7500903791949469
3318,0.3398449922095521
3322,0.6366753394705738
3324,0.34272592435369637
3334,0.6357457179138495
3341,0.35494914680238565
3345,0.2927443479350114
3346,0.9459672253291208
3352,0.2967538897520573
3368,0.35322185677301865
3371,0.3382401233815937
3372,0.35522846708852607
3375,0.3585621108232682
3384,0.34017594211699825
3387,0.343424319985604
3393,0.3522893723980106
3406,0.3522893723980106
3411,0.645567269452681
3412,0.6629438317109653
3414,0.5212811352343083
3417,0.7610691650539052
3420,0.7500903791949469
3423,0.7500903791949469
3436,0.2919958744690547
3438,0.727425767133256
3442,0.2613009016527788
3443,0.377173539989498
3451,0.320794680528064
3461,0.34128283302438733
3489,0.34017594211699825
3491,0.520254301412553
3510,0.6331792627651527
3515,0.5289460661304868
3527,0.35062958915666204
3530,0.3158712144046903
3540,0.35016626145152313
3582,0.3513768824002051
3604,0.3158712144046903
3605,0.2884669088214406
3609,0.34315978915458245
3624,0.3477824390667092
3628,0.7500903791949469
3630,0.2808500745908205
3641,0.2927136473645776
3642,0.2817524536746707
3648,0.32558456973743605
3650,0.9530593317051739
3652,0.9470074993445172
3660,0.33966601032252375
3664,0.32648355363883896
3670,0.33975448729834107
3672,0.34043241019797665
3680,0.4180268055321919
3682,0.9468381819695555
3685,0.6527993821961341
3686,0.3436525177272212
3689,0.3585621108232682
3705,0.3579221661173317
3712,0.34045897637810885
3713,0.3447934834115045
3719,0.33692523791341084
3721,0.3445853243674681
3723,0.627140143306049
3724,0.33860810518619605
3727,0.34017594211699825
3733,0.518906682767012
3734,0.3438520547965473
3742,0.33830784429888555
3770,0.343992097049778
3777,0.34835192994969166
3778,0.35408918678275975
3780,0.3423218305576811
3783,0.3317646471891479
3784,0.3420387962965705
3788,0.33821850352493854
3790,0.3390412474014157
3794,0.34478112504476677
3795,0.2970579578950797
3796,0.3486460286141038
3801,0.5165190072450081
3806,0.35322185677301865
3813,0.35459300841114477
3814,0.35459300841114477
3818,0.18109510925157982
3824,0.3585621108232682
3836,0.3403327887331845
3853,0.3313302803701634
3855,0.2634155472578286
3858,0.3158712144046903
3861,0.7500903791949469
3866,0.33568220419022793
3870,0.3374554422887192
3874,0.9530593317051739
3876,0.28899230860346875
3878,0.29611394504612065
3890,0.344122789514232
3900,0.9437466107191128
3904,0.3277209521674343
3906,0.3534604977513735
3907,0.35479493250304844
3908,0.344122789514232
3912,0.3158712144046903
3918,0.9472715893886007
3923,0.9472715893886007
3924,0.34835192994969166
3925,0.3158712144046903
3927,0.689173984927022
3955,0.9470074993445172
3964,0.4180268055321919
3969,0.4180268055321919
3974,0.7221382441919034
3976,0.4180268055321919
3984,0.34176962485006823
3991,0.344122789514232
3993,0.9530593317051739
4009,0.28645690087526987
4011,0.3527480340383312
4020,0.3289961584689878
4033,0.32558456973743605
4041,0.3422952643775489
4045,0.8546064195371059
4052,0.4180268055321919
4055,0.3486460286141038
4056,0.35522846708852607
4057,0.3606338024414661
4067,0.9468381819695555
4069,0.3422952643775489
4077,0.33076046735334624
4094,0.35474877156744056
4095,0.3539545393283972
4100,0.30760197933209793
4119,0.3406030532815145
4130,0.6124133975030176
4131,0.3579221661173317
4132,0.5354698776391252
4134,0.5502768873355399
4137,0.7478143595518978
4138,0.3585621108232682
4143,0.3462151210920938
4145,0.4327497014886642
4148,0.35585195621149573
4163,0.3207339524148762
4166,0.3423218305576811
4169,0.7221382441919034
4170,0.34697897511183023
4174,0.4180268055321919
4180,0.34128283302438733
4199,0.9530593317051739
4201,0.33821850352493854
4203,0.33987066354843165
4210,0.1396623193670271
4211,0.33827787134249876
4213,0.9470074993445172
4225,0.3422952643775489
4235,0.2911069542085186
4242,0.3371582508936454
4245,0.3286092647612672
4250,0.3551750383125727
4252,0.3477824390667092
4254,0.3158712144046903
4263,0.3158712144046903
4264,0.3158712144046903
4268,0.3514292684298241
4270,0.3527480340383312
4282,0.7500903791949469
4283,0.3289961584689878
4291,0.3495844721730955
4304,0.3477824390667092
4306,0.32339836048595866
4309,0.34179892662319805
4310,0.3245968709447304
4313,0.25976577148990326
4314,0.3506849362389557
4315,0.32855423040238824
4321,0.3517312445601111
4324,0.35016626145152313
4325,0.35254265672714946
4328,0.34148429580663925
4329,0.32668021153312776
4332,0.3477824390667092
4337,0.3533879787442678
4342,0.34315033065560613
4344,0.3422952643775489
4352,0.3486460286141038
4355,0.3431456872039596
4366,0.3420387962965705
4371,0.28742515956850034
4372,0.3371582508936454
4376,0.34329911330874574
4384,0.3258889402592771
4387,0.34329911330874574
4389,0.344122789514232
4390,0.3499605915252567
4406,0.32803712400115137
4407,0.9148640101901689
4409,0.9530593317051739
4410,0.7500903791949469
4424,0.3534020828192461
4434,0.32786147881899624
4452,0.3100576371349347
4460,0.34835192994969166
4470,0.7173366105343142
4480,0.335262431759177
4496,0.9470074993445172
4503,0.33076046735334624
4512,0.3477824390667092
4518,0.7173366105343142
4519,0.35080057939843784
4522,0.32480748704268436
4525,0.33584446166060494
4537,0.6371658545018689
4546,0.27926430891419773
4547,0.9472715893886007
4553,0.35494914680238565
4556,0.34396707597023374
4558,0.782084785894679
4563,0.34396707597023374
4568,0.35155710844643256
4574,0.7500903791949469
4578,0.25976577148990326
4587,0.34644817854704035
4592,0.520369280987099
4610,0.3423218305576811
4615,0.3580969406610531
4619,0.3271731514863058
4620,0.520369280987099
4625,0.6283951748694214
4635,0.3486460286141038
4636,0.3422952643775489
4641,0.3466763762886575
4650,0.34116613401675777
4653,0.8546064195371059
4665,0.3567868748648264
4668,0.9148592088270746
4669,0.2693492270526249
4670,0.3668048899333744
4674,0.34298999704949246
4675,0.3579221661173317
4676,0.4180268055321919
4679,0.33911454259240453
4680,0.8644337954781428
4686,0.33363463576995706
4699,0.3422952643775489
4713,0.7173366105343142
4718,0.3477824390667092
4721,0.3518758618308544
4722,0.3527480340383312
4724,0.35296747559861186
4730,0.9043317340838074
4731,0.3386301575660055
4735,0.3253880020296793
4743,0.33758426220952975
4745,0.3240805532828021
4746,0.6270442402532029
4747,0.33947347184022464
4748,0.33948058039241624
4769,0.3579221661173317
4771,0.31471250196336853
4774,0.33405160952357854
4784,0.3447934834115045
4797,0.34081052064087325
4801,0.6569392875751778
4804,0.350347963230427
4820,0.29348801708660205
4833,0.3379417634751123
4834,0.31930562144036934
4851,0.2939215651667373
4859,0.344122789514232
4860,0.9472715893886007
4863,0.35474877156744056
4873,0.35575598296263694
4881,0.3310311735141146
4892,0.3253880020296793
4908,0.3158712144046903
4911,0.32480748704268436
4915,0.28899230860346875
4922,0.335262431759177
4929,0.3158712144046903
4936,0.32668021153312776
4939,0.3551750383125727
4951,0.32480748704268436
4956,0.32519267317164513
4961,0.3551750383125727
4964,0.32480748704268436
4981,0.35533727159083406
4991,0.9472715893886007
4992,0.28153051535165174
4997,0.34272592435369637
5004,0.3364747133675806
5010,0.3386301575660055
5012,0.3522893723980106
5015,0.3422952643775489
5020,0.3579221661173317
5030,0.3442904855635805
5051,0.9530593317051739
5052,0.3158712144046903
5057,0.7227070958604168
5058,0.4180268055321919
5060,0.3422952643775489
5061,0.3423381467288196
5064,0.4180268055321919
5078,0.40436219464318085
5080,0.3989301311744513
5088,0.33021445574277514
5089,0.6330255775057309
5090,0.3377445506697064
5103,0.8800398710412194
5108,0.3400813577045108
5114,0.3429306292319323
5115,0.3438520547965473
5124,0.6941178869800985
5137,0.3158712144046903
5139,0.3245968709447304
5144,0.3447259715463961
5149,0.9148640101901689
5157,0.3327078073918429
5163,0.34228307871073105
5174,0.3422952643775489
5176,0.4180268055321919
5179,0.33476979371498583
5186,0.4180268055321919
5203,0.782523970462118
5204,0.7500903791949469
5206,0.2628197450309139
5207,0.6957099029434003
5220,0.35201682710614174
5221,0.7500903791949469
5224,0.344122789514232
5227,0.2628197450309139
5229,0.2564759014323514
5232,0.6036971655816559
5240,0.727425767133256
5242,0.634738020002902
5243,0.2680348239321888
5245,0.6836686254529142
5248,0.3158712144046903
5249,0.2592392770528699
5254,0.32168563251360555
5269,0.3431456872039596
5272,0.3501982854875035
5276,0.3431456872039596
5286,0.7221382441919034
5290,0.33076046735334624
5308,0.4180268055321919
5316,0.3534604977513735
5318,0.3158712144046903
5319,0.3372823458266845
5320,0.3640782894932669
5322,0.32260975181628276
5324,0.3258889402592771
5331,0.7374039409647698
5336,0.9530593317051739
5344,0.3158712144046903
5354,0.3402147184139585
5356,0.14410180861988411
5358,0.3010685752436822
5361,0.3422952643775489
5365,0.7257861761995207
5370,0.5209870385494138
5376,0.34697897511183023
5383,0.3514292684298241
5384,0.3551750383125727
5385,0.35430920209644906
5393,0.7500903791949469
5397,0.3333346255533636
5398,0.3462905034981287
5402,0.3497446245973223
5407,0.7388388704152324
5409,0.3410280566511176
5425,0.3158712144046903
5428,0.727425767133256
5430,0.34611496812195985
5442,0.3551750383125727
5447,0.3158712144046903
5470,0.3427268636803745
5485,0.34697897511183023
5493,0.3278228086603087
5502,0.5709817215876866
5504,0.2793539183725716
5517,0.3226254782732351
5522,0.3522893723980106
5527,0.7221382441919034
5528,0.33911454259240453
5536,0.5163668675116199
5545,0.3350528279760964
5576,0.32480748704268436
5577,0.30012172515244084
5592,0.33060767202393215
5594,0.3460841028356338
5595,0.35474877156744056
5596,0.3422952643775489
5599,0.340932559753064
5606,0.3158712144046903
5617,0.3501982854875035
5625,0.7808216325883042
5626,0.2817524536746707
5627,0.7173366105343142
5642,0.724924055814781
5659,0.9472715893886007
5664,0.7173366105343142
5666,0.7808216325883042
5671,0.28651843176561015
5674,0.3534604977513735
5677,0.6363049394666485
5681,0.22006787449981882
5683,0.15378841819659153
5700,0.4180268055321919
5713,0.4180268055321919
5715,0.4180268055321919
5718,0.33438519240736747
5726,0.5670270233785648
5738,0.3518226089546474
5741,0.7541563850439036
5743,0.7688742781343265
5753,0.3158712144046903
5761,0.3429306292319323
5789,0.7048061179400253
5797,0.3965476001453196
5803,0.34298999704949246
5810,0.4180268055321919
5813,0.358342231551066
5817,0.3486460286141038
5818,0.3385850800883836
5822,0.3230570775760606
5829,0.31943154680596136
5846,0.3580969406610531
5847,0.33860810518619605
5854,0.33865672374613776
5858,0.4180268055321919
5863,0.3423218305576811
5869,0.2967538897520573
5870,0.28863307737066
5876,0.2564759014323514
5881,0.27926430891419773
5901,0.34298999704949246
5922,0.6355359236265914
5928,0.7500903791949469
5933,0.3158712144046903
5934,0.7500903791949469
5946,0.33998777676439607
5951,0.2971632326188274
5955,0.344122789514232
5956,0.9437466107191128
5965,0.3517312445601111
5972,0.35155710844643256
5981,0.2967538897520573
5997,0.3158712144046903
6005,0.2872589910192809
6009,0.2777721662966504
6010,0.34611496812195985
6015,0.35086103970882215
6039,0.29681861699754586
6047,0.7234241071929625
6051,0.15186770732851224
6056,0.3422952643775489
6061,0.3423381467288196
6064,0.33692523791341084
6065,0.3477824390667092
6070,0.34329911330874574
6085,0.7500903791949469
6086,0.26070509942586406
6091,0.7500903791949469
6097,0.29681861699754586
6099,0.3158712144046903
6104,0.7500903791949469
6108,0.3158712144046903
6109,0.3158712144046903
6124,0.6572363631264173
6142,0.7221382441919034
6144,0.3431264299092309
6150,0.333743807113975
6154,0.3158712144046903
6155,0.32718448472899264
6156,0.9530593317051739
6158,0.3517312445601111
6159,0.9530593317051739
6169,0.724924055814781
6170,0.14920384943621065
6179,0.3466763762886575
6184,0.518906682767012
6186,0.8546064195371059
6204,0.21968663766746077
6230,0.4180268055321919
6231,0.35609036550902207
6232,0.8777505524871458
6235,0.3431456872039596
6237,0.716224780083102
6239,0.35474877156744056
6263,0.3158712144046903
6265,0.3384001336364089
6270,0.31754349167603824
6271,0.27964215678866083
6278,0.3158712144046903
6279,0.716224780083102
6288,0.34478112504476677
6294,0.3585621108232682
6295,0.34176962485006823
6302,0.6452545359833123
6306,0.3174669775992609
6322,0.8546064195371059
6324,0.35533727159083406
6327,0.3278228086603087
6331,0.4180268055321919
6334,0.338260208192992
6338,0.6356208585889193
6339,0.6298616925823431
6362,0.3422952643775489
6372,0.3158712144046903
6375,0.8005132348689762
6393,0.3240436704793745
6394,0.4180268055321919
6405,0.9470074993445172
6406,0.526586653644202
6416,0.6574199979324391
6421,0.3158712144046903
6422,0.2607387606555113
6440,0.9472715893886007
6457,0.7500903791949469
6460,0.6521052702854089
6463,0.3158712144046903
6474,0.7500903791949469
6476,0.3551750383125727
6477,0.3457575396480458
6482,0.7500903791949469
6488,0.3505047101927283
6489,0.2808500745908205
6494,0.3382401233815937
6499,0.6562026053982041
6507,0.2620316225154613
6524,0.35474877156744056
6527,0.3174669775992609
6531,0.31706848853571096
6536,0.3158712144046903
6538,0.31725683896687534
6542,0.7763124626396618
6565,0.34272592435369637
6584,0.3501982854875035
6588,0.3585621108232682
6597,0.3585621108232682
6603,0.7500903791949469
6609,0.7500903791949469
6613,0.7500903791949469
6622,0.35155710844643256
6630,0.3422952643775489
6637,0.3237606362182639
6639,0.7221382441919034
6640,0.2775018506212179
6646,0.31471250196336853
6647,0.4180268055321919
6648,0.9470074993445172
6669,0.3910357211550742
6680,0.32668021153312776
6681,0.32558456973743605
6684,0.16160555230896914
6693,0.3532170145752829
6694,0.3488922802720051
6704,0.28105647204611023
6706,0.3158712144046903
6710,0.35258832554389663
6713,0.30569944414156697
6718,0.29611394504612065
6732,0.3534604977513735
6737,0.33215031925943683
6739,0.3433889150176138
6742,0.35459300841114477
6746,0.6278712165757053
6753,0.3447259715463961
6771,0.27140368582322716
6784,0.2817524536746707
6790,0.9530593317051739
6795,0.3158712144046903
6807,0.3306903356642268
6808,0.29812448035094263
6818,0.3364747133675806
6823,0.3431456872039596
6830,0.4180268055321919
6831,0.4180268055321919
6832,0.3466763762886575
6836,0.3583482039359356
6846,0.3420387962965705
6850,0.34148327715333254
6854,0.33976229176312034
6868,0.7500903791949469
6876,0.6357457179138495
6877,0.6623616076873254
6881,0.3253880020296793
6882,0.34392286135062944
6884,0.3422952643775489
6886,0.34128283302438733
6901,0.34116613401675777
6910,0.34263085394565146
6913,0.3423381467288196
6914,0.7995221833978287
6918,0.7810827898463201
6930,0.7238543862058248
6941,0.2939215651667373
6944,0.635020567225056
6945,0.3022154210526234
6947,0.3158712144046903
6949,0.7500903791949469
6952,0.3100576371349347
6963,0.6379552277858317
6964,0.7173366105343142
6972,0.7221382441919034
6979,0.3609579339619612
6981,0.35474877156744056
6988,0.7500903791949469
6990,0.3513768824002051
6998,0.3429306292319323
7004,0.3422952643775489
7016,0.5212811352343083
7027,0.3501982854875035
7042,0.3404917780155368
7056,0.3383736894850271
7061,0.3287108292450323
7069,0.637154223349718
7071,0.3512695338625987
7088,0.6804090486904628
7099,0.3537772705306746
7108,0.3462905034981287
7121,0.9148640101901689
7125,0.7500903791949469
7136,0.5345580233919156
7149,0.6317191464287144
7150,0.5232211586478371
7151,0.34298999704949246
7167,0.3579221661173317
7177,0.7221382441919034
7178,0.3585621108232682
7183,0.5509499974394702
7186,0.34618474287278683
7190,0.3357048657139866
7201,0.3579221661173317
7202,0.3537406324410645
7207,0.3248317998348007
7213,0.3499843786001708
7224,0.6462136024788165
7225,0.33911454259240453
7233,0.3447934834115045
7239,0.3364747133675806
7246,0.34012175398760086
7248,0.33304734373863926
7261,0.3158712144046903
7264,0.34613240146917296
7266,0.32762142379607645
7274,0.34323320147361563
7279,0.33043260620507464
7293,0.35474877156744056
7315,0.325990630700042
7322,0.34611496812195985
7326,0.9148640101901689
7341,0.344122789514232
7363,0.3158712144046903
7365,0.6747998728758647
7371,0.3429306292319323
7377,0.35474877156744056
7393,0.7221382441919034
7405,0.27926430891419773
7410,0.3158712144046903
7434,0.6424686659362556
7438,0.3423218305576811
7447,0.6783196551044501
7450,0.7307139317162236
7452,0.3420387962965705
7453,0.23481365763762702
7455,0.32558456973743605
7456,0.3240926341688556
7457,0.9437466107191128
7466,0.3158712144046903
7470,0.7500903791949469
7474,0.335262431759177
7487,0.5231244605858109
7488,0.3401422120225889
7492,0.721652879048846
7496,0.34008260067837426
7501,0.33357221850314
7505,0.3320543368230364
7512,0.311538777921124
7526,0.5513572914489
7536,0.5363890065767775
7538,0.716224780083102
7539,0.3460611340876062
7544,0.7221382441919034
7554,0.518906682767012
7564,0.29978682841079746
7566,0.6606280385364377
7580,0.6324269686963834
7581,0.7772627820917185
7584,0.3551750383125727
7587,0.3534604977513735
7589,0.3551750383125727
7590,0.3527480340383312
7594,0.6422904658023284
7597,0.3513768824002051
7602,0.9380368341536961
7603,0.3374554422887192
7605,0.6658720186919548
7609,0.3513768824002051
7613,0.3313302803701634
7619,0.31783714231540305
7625,0.33975448729834107
7626,0.4180268055321919
7636,0.4180268055321919
7639,0.7221382441919034
7641,0.3427268636803745
7643,0.8546064195371059
7644,0.3579221661173317
7657,0.3585621108232682
7661,0.6796168437274853
7666,0.34045897637810885
7673,0.31772337428181324
7683,0.4180268055321919
7685,0.3585621108232682
7699,0.3552120115055591
7704,0.6320493707136922
7705,0.5416341519616106
7708,0.5391457773607732
7728,0.2967538897520573
7733,0.34513829958435777
7741,0.3639051841324159
7743,0.35430920209644906
7745,0.33052097825428767
7754,0.7010853478781964
7756,0.28139409287279427
7757,0.34272592435369637
7770,0.6398064014463936
7773,0.9530593317051739
7774,0.3551750383125727
7776,0.7173366105343142
7777,0.3222934655581726
7778,0.4482955890675621
7781,0.3158712144046903
7784,0.35430920209644906
7789,0.9148640101901689
7794,0.6403518720003493
7799,0.3106236069098712
7801,0.6874020709379707
7818,0.28989903640635895
7823,0.335262431759177
7828,0.3497446245973223
7832,0.3495844721730955
7839,0.3551750383125727
7851,0.7745446517060635
7856,0.35430920209644906
7868,0.3158712144046903
7869,0.36886950565083365
7872,0.32240706107380906
7874,0.3240926341688556
7878,0.33354263931145733
7888,0.33948058039241624
7913,0.3253880020296793
7923,0.3579221661173317
7925,0.4180268055321919
7926,0.5240227943234819
7938,0.3422952643775489
7942,0.7221382441919034
7945,0.3585621108232682
7954,0.6582543437463406
7963,0.32257561660948153
7969,0.35254265672714946
7970,0.3158712144046903
7977,0.3158712144046903
7981,0.3258889402592771
7990,0.2805979490273654
8020,0.5354698776391252
8023,0.35474877156744056
8025,0.6484562438359572
8034,0.4180268055321919
8039,0.35609036550902207
8046,0.3927108191246744
8051,0.33865672374613776
8055,0.3422952643775489
8060,0.3422952643775489
8063,0.3307192499635255
8073,0.9468381819695555
8074,0.3431264299092309
8076,0.6331792627651527
8080,0.3447934834115045
8088,0.3429306292319323
8102,0.29211416216731695
8103,0.4180268055321919
8104,0.4180268055321919
8105,0.3423218305576811
8109,0.32154988219283925
8115,0.4180268055321919
8121,0.6582543437463406
8126,0.30031522762773694
8135,0.7724777588670193
8153,0.7121288233363136
8156,0.32519267317164513
8160,0.7311457310917451
8161,0.30023912595599245
8162,0.3317444336058655
8171,0.344122789514232
8181,0.32803712400115137
8183,0.3451323685932077
8185,0.26437520284927274
8191,0.9468381819695555
8203,0.27193745649016776
8204,0.716224780083102
8207,0.5354698776391252
8208,0.34086400950080226
8209,0.5212811352343083
8210,0.34176962485006823
8225,0.3606338024414661
8226,0.3214155689306706
8231,0.5164635655736463
8233,0.35453486468010786
8244,0.6186281377481375
8250,0.31366727758497803
8261,0.3158712144046903
8265,0.35441995804347537
8278,0.35408918678275975
8279,0.32668021153312776
8280,0.260361573716818
8296,0.7500903791949469
8299,0.3406030532815145
8300,0.33913407869771084
8301,0.2967538897520573
8305,0.35612924230009063
8327,0.31206650640917283
8334,0.34116613401675777
8349,0.27193745649016776
8355,0.28923440296152597
8361,0.35585195621149573
8362,0.3585621108232682
8364,0.3422952643775489
8365,0.3427268636803745
8375,0.34894583147215186
8378,0.7330779361579894
8380,0.2673611526107977
8381,0.3462905034981287
8387,0.35430920209644906
8399,0.7500903791949469
8402,0.9470074993445172
8409,0.35575598296263694
8433,0.7173366105343142
8436,0.35430920209644906
8442,0.33181432452798
8448,0.3497446245973223
8464,0.29962620921422234
8469,0.5209870385494138
8474,0.5240227943234819
8478,0.28651843176561015
8482,0.3398449922095521
8490,0.344122789514232
8510,0.3294272100612455
8511,0.3447934834115045
8527,0.34220858888500694
8532,0.26391530940306873
8533,0.3420387962965705
8538,0.33588169649013405
8541,0.31366727758497803
8545,0.33930327983718556
8553,0.33975448729834107
8554,0.34166903843630847
8555,0.3585621108232682
8569,0.3422952643775489
8586,0.7726702823821305
8593,0.344122789514232
8600,0.9530593317051739
8606,0.809724750501619
8607,0.35055906357853506
8611,0.2628197450309139
8613,0.7733351242195411
8618,0.9148640101901689
8630,0.3336926799523277
8637,0.34611496812195985
8650,0.3422952643775489
8652,0.3420387962965705
8661,0.4180268055321919
8669,0.3174669775992609
8673,0.35474877156744056
8674,0.35474877156744056
8678,0.7221382441919034
8682,0.3501982854875035
8688,0.3386723725197344
8689,0.49493880713469646
8695,0.3431264299092309
8698,0.3423218305576811
8703,0.3429306292319323
8709,0.33438519240736747
8716,0.3579221661173317
8723,0.34697897511183023
8737,0.520254301412553
8753,0.3447934834115045
8773,0.4180268055321919
8774,0.27750761408851976
8778,0.716224780083102
8786,0.5232211586478371
8794,0.4180268055321919
8795,0.5478966457750841
8800,0.26243245024955514
8804,0.3374554422887192
8808,0.3513768824002051
8809,0.30608735540363485
8817,0.3158712144046903
8818,0.3518758618308544
8825,0.35430920209644906
8830,0.32786147881899624
8833,0.34608497504484503
8834,0.344122789514232
8836,0.35430920209644906
8837,0.35055906357853506
8844,0.32240706107380906
8851,0.32668021153312776
8861,0.9437466107191128
8864,0.3563078827755726
8865,0.35408918678275975
8869,0.3333346255533636
8873,0.7500903791949469
8880,0.7699386037127824
8884,0.26070509942586406
8888,0.3505047101927283
8889,0.2911069542085186
8891,0.7500903791949469
8893,0.34179892662319805
8897,0.3470485645700911
8905,0.3374554422887192
8910,0.724924055814781
8918,0.3158712144046903
8939,0.33651369207122145
8940,0.3405346603668075
8941,0.3431264299092309
8944,0.3207339524148762
8949,0.34464469218502825
8950,0.3501982854875035
8958,0.7829594909332601
8967,0.7500903791949469
8975,0.6667721261658608
8979,0.32067358327643497
8980,0.344122789514232
8991,0.3229144983381342
8995,0.30393294038541735
8996,0.34697897511183023
8998,0.7221382441919034
9000,0.33966601032252375
9001,0.6627162578663702
9002,0.3466763762886575
9024,0.3579221661173317
9026,0.3431264299092309
9027,0.3469517522311333
9034,0.3431456872039596
9038,0.33651369207122145
9050,0.3583482039359356
9052,0.7843278710557616
9054,0.3495844721730955
9078,0.9148640101901689
9097,0.28805298066750806
9109,0.3449132269028321
9112,0.544164578741252
9115,0.3253880020296793
9125,0.4180268055321919
9132,0.3462151210920938
9136,0.3372827419840949
9139,0.3423218305576811
9140,0.35625511261505804
9142,0.5220925526291782
9143,0.33380563178868883
9147,0.6308332072209477
9159,0.34166903843630847
9165,0.6588747084782969
9172,0.3462905034981287
9177,0.35408918678275975
9179,0.32558456973743605
9185,0.34704827032758845
9196,0.9437466107191128
9201,0.3585621108232682
9209,0.33438519240736747
9210,0.5354698776391252
9212,0.3200478963408277
9214,0.3447934834115045
9240,0.9472715893886007
9241,0.28742515956850034
9244,0.35322185677301865
9249,0.32762142379607645
9250,0.661894553408205
9255,0.3579221661173317
9258,0.5213667708725508
9263,0.3174669775992609
9266,0.4182021637755397
9269,0.3448728899266454
9272,0.35522846708852607
9276,0.7221382441919034
9290,0.3486460286141038
9299,0.35474877156744056
9303,0.3429306292319323
9310,0.16466524915734496
9311,0.3357868358955242
9314,0.34045897637810885
9315,0.8723945122699933
9325,0.3311846809579858
9328,0.5213667708725508
9329,0.43090282610081915
9332,0.8561013616741018
9337,0.5482544390701818
9353,0.7955071054935925
9355,0.34559179615486096
9356,0.3158712144046903
9362,0.7714274296270024
9364,0.3158712144046903
9366,0.3158712144046903
9387,0.9459672253291208
9388,0.9530593317051739
9396,0.3158712144046903
9400,0.3054739904278245
9406,0.3527480340383312
9411,0.3398449922095521
9416,0.6761039780966254
9417,0.7500903791949469
9423,0.7500903791949469
9425,0.3100576371349347
9426,0.3954066759729384
9427,0.28899230860346875
9429,0.7500903791949469
9430,0.7703048614216219
9434,0.3284177391734631
9442,0.3585621108232682
9458,0.3364747133675806
9476,0.3579221661173317
9481,0.3527480340383312
9483,0.35430920209644906
9484,0.3551750383125727
9487,0.7500903791949469
9488,0.335262431759177
9490,0.32803712400115137
9502,0.9459672253291208
9505,0.35269169786585747
9509,0.3158712144046903
9515,0.3431456872039596
9516,0.3522893723980106
9532,0.3403327887331845
9539,0.634549813122711
9542,0.4180268055321919
9549,0.3422952643775489
9550,0.5287240756805992
9553,0.3326433602304993
9554,0.3552120115055591
9561,0.3344850585963678
9566,0.34128283302438733
9571,0.35533727159083406
9577,0.335262431759177
9584,0.3374554422887192
9592,0.34081052064087325
9596,0.7500903791949469
9602,0.35408918678275975
9603,0.32558456973743605
9604,0.7173366105343142
9608,0.7173366105343142
9609,0.35494914680238565
9613,0.35430920209644906
9623,0.32803712400115137
9630,0.9530593317051739
9633,0.35459300841114477
9648,0.3534604977513735
9665,0.3158712144046903
9668,0.35408918678275975
9678,0.3513768824002051
9679,0.34329911330874574
9693,0.7500903791949469
9718,0.7500903791949469
9720,0.7500903791949469
9744,0.34298999704949246
9745,0.34667505600026594
9746,0.7221382441919034
9753,0.3423218305576811
9758,0.3158712144046903
9759,0.3258889402592771
9763,0.3551750383125727
9766,0.35016626145152313
9767,0.3449132269028321
9777,0.8072747544176598
9781,0.3495844721730955
9789,0.33741926764405444
9790,0.32339836048595866
9799,0.28742515956850034
9802,0.34263085394565146
9805,0.7173366105343142
9807,0.2802603110571234
9812,0.2787354289857707
9818,0.34272592435369637
9820,0.7500903791949469
9822,0.3477824390667092
9824,0.3158712144046903
9834,0.3158712144046903
9836,0.35155710844643256
9847,0.3294272100612455
9864,0.9380368341536961
9869,0.32803712400115137
9875,0.35254265672714946
9880,0.4261857037469771
9889,0.7500903791949469
9894,0.344122789514232
9909,0.6036971655816559
9915,0.3567112722015185
9919,0.2967538897520573
9920,0.7500903791949469
9940,0.6566743721033198
9946,0.6226864140973143
9958,0.7500903791949469
9959,0.35408918678275975
9973,0.6748973544704355
9976,0.33494104473164066
9978,0.35258832554389663
9982,0.35408918678275975
9987,0.339150326586033
9988,0.3019427608032139
9992,0.3549615333395903
10000,0.15401420881212136
10002,0.760066925053607
10005,0.35080057939843784
10008,0.2613009016527788
10009,0.3534020828192461
10011,0.27771848073867883
10021,0.33476979371498583
10022,0.7221382441919034
10053,0.3420387962965705
10074,0.3532170145752829
10076,0.35430920209644906
10090,0.3158712144046903
10092,0.35430920209644906
10099,0.35430920209644906
10102,0.35408918678275975
10103,0.34608497504484503
10106,0.35408918678275975
10108,0.6036971655816559
10113,0.7500903791949469
10119,0.3466652410525732
10122,0.34017594211699825
10125,0.3404917780155368
10140,0.3242727996134143
10155,0.3447934834115045
10159,0.3431456872039596
10164,0.3665637793107729
10175,0.3585621108232682
10176,0.6391190257850686
10178,0.345500693494155
10186,0.4180268055321919
10200,0.34045897637810885
10204,0.4180268055321919
10206,0.4180268055321919
10211,0.3422952643775489
10212,0.34697897511183023
10217,0.3427268636803745
10220,0.4180268055321919
10230,0.4180268055321919
10234,0.3552120115055591
10235,0.3585621108232682
10239,0.35474877156744056
10240,0.3585621108232682
10242,0.358929377512528
10245,0.34116613401675777
10246,0.716224780083102
10247,0.3501982854875035
10250,0.35474877156744056
10254,0.7500903791949469
10257,0.35430920209644906
10260,0.28863307737066
10261,0.7500903791949469
10265,0.3424751404016532
10273,0.2607387606555113
10274,0.3367481878130132
10277,0.32347590109964575
10289,0.8644337954781428
10290,0.27090685817636323
10298,0.35322185677301865
10301,0.339150326586033
10304,0.3158712144046903
10305,0.3551750383125727
10313,0.3513768824002051
10320,0.35408918678275975
10323,0.33998777676439607
10328,0.3368426827744191
10332,0.9468381819695555
10336,0.9468381819695555
10343,0.33651369207122145
10348,0.4180268055321919
10350,0.3364747133675806
10351,0.3420387962965705
10354,0.35474877156744056
10372,0.28989903640635895
10373,0.6769612215516723
10380,0.3546976423486728
10383,0.2570717036592661
10396,0.7173366105343142
10397,0.4076366203253092
10399,0.7886586914366378
10400,0.48164261015682924
10401,0.34047529254924735
10402,0.3386301575660055
10403,0.5965951664111174
10410,0.8987738278157714
10412,0.520254301412553
10415,0.33930327983718556
10424,0.358929377512528
10428,0.33476979371498583
10432,0.35968226181560065
10462,0.3158712144046903
10477,0.35408918678275975
10482,0.344122789514232
10484,0.3534604977513735
10493,0.3533879787442678
10495,0.33448444116061243
10497,0.35459300841114477
10516,0.3477824390667092
10521,0.3371582508936454
10522,0.7699386037127824
10523,0.7434967607478177
10528,0.3253880020296793
10530,0.3420387962965705
10532,0.5165190072450081
10533,0.34116613401675777
10543,0.894300930341517
10547,0.4911227346407084
10552,0.3379417634751123
10558,0.3383736894850271
10571,0.3427268636803745
10572,0.28061654225643945
10574,0.26243245024955514
10583,0.5732595926866948
10600,0.3411251659882621
10607,0.5280342118832773
10608,0.5259689241063275
10614,0.3174669775992609
10630,0.34008260067837426
10634,0.3579221661173317
10635,0.3431456872039596
10641,0.7221382441919034
10643,0.5213961148088544
10644,0.4180268055321919
10648,0.520369280987099
10669,0.3423218305576811
10675,0.5231244605858109
10686,0.7500903791949469
10704,0.34263085394565146
10707,0.3332958794843391
10722,0.3534604977513735
10736,0.7173366105343142
10764,0.28105647204611023
10767,0.7500903791949469
10776,0.3427268636803745
10779,0.40072008924905744
10781,0.3422952643775489
10792,0.716224780083102
10797,0.3422952643775489
10798,0.345500693494155
10801,0.5259689241063275
10802,0.5168020415061187
10805,0.35062231889573703
10808,0.3579221661173317
10810,0.8644337954781428
10816,0.3387208163417459
10817,0.34608497504484503
10829,0.7173366105343142
10843,0.3242727996134143
10858,0.4180268055321919
10866,0.3501982854875035
10876,0.3579221661173317
10887,0.3438632840205428
10891,0.28224059847233246
10896,0.35474877156744056
10900,0.5536387026227477
10905,0.32716316420501834
10907,0.358929377512528
10917,0.25506928889737457
10936,0.3158712144046903
10947,0.3207339524148762
10948,0.716224780083102
10951,0.33583898293536496
10955,0.31706848853571096
10969,0.35090476793042347
10984,0.35494914680238565
10987,0.3496623800632478
10990,0.344122789514232
10992,0.3158712144046903
10996,0.35430920209644906
10997,0.36465531173362403
10999,0.32855423040238824
11000,0.7173366105343142
11001,0.3534604977513735
11010,0.3158712144046903
11016,0.3158712144046903
11018,0.7500903791949469
11034,0.8777505524871458
11039,0.3579221661173317
11041,0.3429306292319323
11047,0.3427268636803745
11053,0.5164635655736463
11055,0.24226349163821292
11056,0.3431456872039596
11065,0.3310311735141146
11068,0.5560027499796615
11070,0.34315033065560613
11071,0.5257181682123149
11072,0.34043241019797665
11079,0.4180268055321919
11091,0.3438520547965473
11094,0.33363463576995706
11112,0.3158712144046903
11113,0.3158712144046903
11128,0.2777721662966504
11153,0.6357457179138495
11154,0.16009912264880516
11163,0.35343702988897213
11179,0.30343193513140404
11181,0.2559338012236054
11206,0.29611394504612065
11216,0.2628197450309139
11221,0.3406030532815145
11223,0.7116855707248724
11228,0.7693987121204542
11235,0.3462905034981287
11237,0.3158712144046903
11244,0.3517312445601111
11256,0.48733381834740885
11267,0.3585621108232682
11272,0.716224780083102
11281,0.3383736894850271
11285,0.3343090934443813
11288,0.4180268055321919
11291,0.34043241019797665
11293,0.3522893723980106
11297,0.3429306292319323
11298,0.3226254782732351
11299,0.3197141736852742
11301,0.3447934834115045
11309,0.6903264406858699
11331,0.3420387962965705
11332,0.35585195621149573
11337,0.34697897511183023
11343,0.8546064195371059
11347,0.3422952643775489
11348,0.6259010726030124
11355,0.9470074993445172
11368,0.26070509942586406
11369,0.7780438105325408
11371,0.7500903791949469
11378,0.6345398568677947
11384,0.3513768824002051
11387,0.35430920209644906
11393,0.33856405429693864
11399,0.3884243491191104
11412,0.6967293234827961
11431,0.35408918678275975
11432,0.3375630245423136
11444,0.9437466107191128
11450,0.9468381819695555
11451,0.5212811352343083
11476,0.3258889402592771
11488,0.3462905034981287
11495,0.724924055814781
11505,0.33975448729834107
11508,0.8777505524871458
11518,0.3158712144046903
11522,0.3381393407073074
11524,0.3158712144046903
11533,0.3158712144046903
11549,0.3158712144046903
11551,0.9530593317051739
11560,0.35321898193147067
11563,0.35321898193147067
11565,0.724924055814781
11567,0.3470485645700911
11569,0.3579221661173317
11598,0.5391457773607732
11604,0.6496899101329721
11611,0.3551750383125727
11617,0.44723149023847536
11626,0.3158712144046903
11642,0.35430920209644906
11643,0.3258889402592771
11648,0.33118448955906704
11651,0.3422952643775489
11663,0.27408360576501756
11666,0.3457148059044239
11685,0.3365280699613556
11686,0.5264716740696562
11698,0.26879302485774625
11708,0.3502182861749517
11711,0.3477824390667092
11718,0.39594111298429696
11742,0.38680479587841765
11761,0.6813533983408293
11767,0.35609036550902207
11768,0.35474877156744056
11775,0.5209870385494138
11779,0.4180268055321919
11786,0.9459672253291208
11790,0.7500903791949469
11791,0.35343702988897213
11796,0.15054990927603132
11806,0.5268696879053127
11810,0.35474877156744056
11811,0.33438519240736747
11814,0.9470932840103718
11816,0.3539545393283972
11820,0.3579221661173317
11822,0.34348782176476406
11829,0.5153133455509734
11832,0.3585621108232682
11834,0.7221382441919034
11836,0.3420387962965705
11837,0.28651843176561015
11844,0.7646189402890602
11847,0.6801313156846307
11864,0.7173366105343142
11865,0.6351026033362354
11872,0.34682924240668817
11873,0.3158712144046903
11886,0.3915599224875229
11894,0.3478254933960756
11905,0.3422952643775489
11906,0.27569749596958587
11907,0.3258889402592771
11912,0.344122789514232
11914,0.6010706070200135
11918,0.35430920209644906
11924,0.35408918678275975
11929,0.9148592088270746
11930,0.35474877156744056
11936,0.3400813577045108
11937,0.3583482039359356
11954,0.4743130244564501
11957,0.3310311735141146
11964,0.3363867531735021
11968,0.2572870308328585
11972,0.4180268055321919
11976,0.3522893723980106
11979,0.3585621108232682
11981,0.35474877156744056
11983,0.3431456872039596
11989,0.33264865003603183
11991,0.35474877156744056
11998,0.34697897511183023
12003,0.3431456872039596
12007,0.3439152847135108
12011,0.5213961148088544
12014,0.35533727159083406
12024,0.3229144983381342
12033,0.3551750383125727
12034,0.3567112722015185
12041,0.3286762404601959
12046,0.3158712144046903
12056,0.4207383070396511
12064,0.35430920209644906
12069,0.3258889402592771
12070,0.33856405429693864
12071,0.3424751404016532
12072,0.29681861699754586
12078,0.32558456973743605
12091,0.6588596744582291
12092,0.3158712144046903
12094,0.28651843176561015
12098,0.32343371210705973
12103,0.344122789514232
12115,0.6846289552385493
12118,0.4180268055321919
12122,0.5620787021977819
12125,0.9148592088270746
12133,0.34870539643166404
12137,0.4180268055321919
12141,0.31706848853571096
12143,0.3429306292319323
12144,0.7221382441919034
12154,0.35191938839162834
12163,0.3462905034981287
12170,0.7369301781141532
12193,0.32558456973743605
12196,0.35430920209644906
12206,0.3344850585963678
12209,0.4180268055321919
12214,0.3422952643775489
12228,0.3174669775992609
12233,0.5388663852999187
12238,0.4180268055321919
12242,0.3422952643775489
12245,0.6520505623364503
12247,0.28293528818588526
12251,0.3520630088344712
12287,0.3585621108232682
12292,0.8727290327024779
12304,0.34478112504476677
12317,0.7221382441919034
12320,0.7495015858279211
12323,0.7500903791949469
12328,0.35459300841114477
12333,0.7500903791949469
12334,0.3518758618308544
12335,0.6345872044390385
12352,0.3158712144046903
12358,0.3258889402592771
12364,0.34116613401675777
12376,0.3469042994874718
12396,0.3585621108232682
12402,0.9470074993445172
12406,0.3427268636803745
12408,0.2588909957077739
12410,0.9470872206516027
12413,0.5163668675116199
12417,0.34017594211699825
12424,0.5118988362072141
12425,0.3307192499635255
12426,0.3537406324410645
12430,0.3427268636803745
12432,0.8537310158315136
12433,0.3431456872039596
12451,0.21891067791810426
12457,0.5286090961060533
12465,0.4180268055321919
12468,0.5272914919434916
12474,0.3422952643775489
12475,0.4180268055321919
12486,0.4180268055321919
12487,0.5278233118816139
12514,0.3579221661173317
12524,0.9468381819695555
12526,0.3253880020296793
12530,0.3253880020296793
12532,0.1518555282719398
12593,0.31244460952351727
12599,0.34272592435369637
12600,0.3430035263252503
12603,0.3401879418186564
12624,0.9472715893886007
12630,0.3547580906619645
12638,0.3585621108232682
12641,0.7260257982287436
12643,0.6846289552385493
12656,0.356822383809541
12666,0.7800089430392858
12673,0.7500903791949469
12675,0.29978682841079746
12678,0.7952212278904064
12692,0.14661749992169476
12693,0.8546064195371059
12707,0.3369063126704062
12711,0.7221382441919034
12716,0.2967538897520573
12717,0.724924055814781
12723,0.34272592435369637
12738,0.344122789514232
12742,0.3382401233815937
12746,0.33354263931145733
12753,0.3158712144046903
12758,0.3549346384327489
12760,0.32558456973743605
12763,0.3486460286141038
12764,0.35118959009021994
12768,0.38250663993155215
12776,0.34434717238081564
12777,0.3585621108232682
12783,0.8546064195371059
12804,0.33821850352493854
12824,0.34697897511183023
12839,0.35770228684512945
12847,0.33948058039241624
12850,0.9470074993445172
12867,0.7500903791949469
12883,0.2953882105114885
12887,0.34230845801240045
12890,0.32762142379607645
12903,0.6740098705650401
12906,0.35321898193147067
12907,0.2601845196782316
12909,0.3237606362182639
12912,0.33392398171595195
12915,0.2693492270526249
12930,0.7257881872243225
12931,0.5278233118816139
12934,0.5961924685451028
12951,0.35430920209644906
12955,0.3477824390667092
12973,0.3158712144046903
12988,0.32571530122524484
12999,0.3484305089996973
13015,0.6603465365522758
13026,0.8028867595807802
13036,0.3534604977513735
13039,0.32314390982995406
13040,0.29611394504612065
13041,0.3100576371349347
13043,0.7221507066834513
13057,0.3383736894850271
13064,0.3422952643775489
13068,0.7221382441919034
13069,0.7005499616062622
13073,0.5215093329759255
13079,0.8644337954781428
13086,0.296645895775616
13089,0.6474461656505418
13093,0.3253880020296793
13097,0.7221382441919034
13098,0.34298999704949246
13105,0.3248317998348007
13107,0.557802711658165
13108,0.4072783486383644
13110,0.35408918678275975
13112,0.7478290732895876
13114,0.3534604977513735
13118,0.35408918678275975
13127,0.32803712400115137
13129,0.32571530122524484
13142,0.9472715893886007
13146,0.3158712144046903
13149,0.3158712144046903
13157,0.33693130924408293
13158,0.7912703131535423
13159,0.7797498812009511
13161,0.32476873430040665
13162,0.3518758618308544
13166,0.33693130924408293
13168,0.3432340359778156
13170,0.9471245533260716
13186,0.520369280987099
13191,0.34043241019797665
13203,0.3422952643775489
13209,0.2939215651667373
13212,0.3265244131547416
13213,0.3517312445601111
13222,0.28989903640635895
13229,0.6393558052415527
13234,0.6862395287907161
13257,0.6846289552385493
13258,0.3422952643775489
13268,0.33241516248888214
13270,0.3579221661173317
13291,0.28863307737066
13292,0.6416791461444937
13299,0.34611496812195985
13307,0.9530593317051739
13309,0.3534604977513735
13311,0.3527480340383312
13312,0.3497446245973223
13322,0.35408918678275975
13324,0.7500903791949469
13330,0.3431456872039596
13338,0.3343090934443813
13344,0.7504858467493605
13348,0.2759596428290101
13355,0.6403518720003493
13365,0.9472715893886007
13368,0.29679639751326403
13370,0.35430920209644906
13372,0.6412993361545022
13377,0.8267538726748231
13385,0.5162489805624063
13389,0.3462905034981287
13393,0.3158712144046903
13395,0.3534020828192461
13404,0.29611394504612065
13411,0.35430920209644906
13416,0.3513768824002051
13434,0.35430920209644906
13435,0.7745446517060635
13445,0.35321898193147067
13446,0.31467448898017436
13451,0.843857154158283
13462,0.5264716740696562
13464,0.3557534177940363
13466,0.3422952643775489
13471,0.3207339524148762
13472,0.7221382441919034
13477,0.4180268055321919
13481,0.34464469218502825
13484,0.7257949374263448
13490,0.3501982854875035
13492,0.6435411211771613
13500,0.3763881554564895
13508,0.3495844721730955
13516,0.3532170145752829
13525,0.3438520547965473
13526,0.4180268055321919
13530,0.6383852952490503
13532,0.3422742226530217
13538,0.3431456872039596
13546,0.3518758618308544
13548,0.34835192994969166
13550,0.7500903791949469
13551,0.3534020828192461
13564,0.3495844721730955
13566,0.9149809603350828
13570,0.3533879787442678
13580,0.3527480340383312
13585,0.2625291471104218
13588,0.2616118272287542
13592,0.3158712144046903
13594,0.33741926764405444
13609,0.26722985945638744
13610,0.7874212550655535
13613,0.3382401233815937
13625,0.3585621108232682
13626,0.8537310158315136
13639,0.7221382441919034
13645,0.8546064195371059
13647,0.5375897804643142
13648,0.3364747133675806
13652,0.716224780083102
13654,0.7221382441919034
13664,0.4180268055321919
13673,0.3579221661173317
13684,0.33304734373863926
13690,0.33758426220952975
13693,0.32347590109964575
13696,0.33975448729834107
13700,0.7133216582101595
13701,0.3501982854875035
13707,0.5863151115211677
13713,0.33520854508063025
13714,0.34298999704949246
13716,0.5157699726558432
13720,0.3429306292319323
13727,0.3534020828192461
13733,0.34894583147215186
13738,0.2607387606555113
13757,0.3534604977513735
13759,0.6894207772765547
13761,0.3158712144046903
13767,0.29611394504612065
13782,0.34611496812195985
13786,0.3459292615008468
13787,0.35430920209644906
13792,0.27348631866568657
13795,0.7559844029098709
13798,0.3158712144046903
13807,0.14720454007544467
13809,0.3402147184139585
13811,0.35086103970882215
13815,0.3509162334300216
13817,0.2967538897520573
13818,0.27926430891419773
13822,0.34272592435369637
13824,0.2636172222659605
13829,0.3370266978794386
13832,0.8517488359098405
13840,0.6124133975030176
13841,0.5822685449082753
13868,0.33506801721693635
13871,0.9459672253291208
13880,0.3427268636803745
13888,0.6673695503906135
13890,0.7221382441919034
13891,0.3375209034664178
13895,0.29088072457306985
13907,0.33304734373863926
13910,0.6590280413517836
13912,0.7035668120259522
13913,0.3486460286141038
13923,0.7446061702470986
13929,0.35322185677301865
13936,0.35459300841114477
13946,0.29611394504612065
13950,0.3158712144046903
13951,0.35430920209644906
13954,0.3306903356642268
13958,0.8280022214450408
13969,0.6403518720003493
13980,0.25775374902346787
13981,0.4180268055321919
13986,0.3585621108232682
13987,0.28061654225643945
13989,0.6423000671510135
13992,0.324782989430948
13994,0.3158712144046903
14001,0.7662848770170343
14002,0.35430920209644906
14004,0.3497446245973223
14006,0.3533879787442678
14012,0.6866137809857429
14021,0.33741926764405444
14024,0.8335951185641433
14045,0.3398449922095521
14047,0.6633815285968118
14057,0.3579221661173317
14059,0.34592335220036546
14060,0.3422742226530217
14068,0.2659798285693164
14070,0.5186564292814051
14074,0.5210837366114401
14076,0.5508400028606855
14089,0.3344850585963678
14115,0.34128283302438733
14116,0.33076046735334624
14128,0.6242352333506421
14131,0.3423218305576811
14134,0.716224780083102
14137,0.521044104803409
14138,0.35453486468010786
14139,0.7221382441919034
14152,0.34116613401675777
14153,0.8855884616906244
14155,0.3522893723980106
14156,0.7723722590495933
14164,0.3424882329316094
14165,0.6104514357995136
14171,0.3539545393283972
14174,0.3585621108232682
14181,0.4920022077279059
14186,0.7133216582101595
14192,0.5279192323087315
14201,0.6514074477588362
14210,0.5162489805624063
14214,0.3306903356642268
14231,0.3579221661173317
14236,0.33405160952357854
14241,0.4180268055321919
14245,0.35533727159083406
14249,0.3587094982403258
14251,0.4180268055321919
14262,0.3374554422887192
14265,0.31541646971747633
14267,0.5220925526291782
14270,0.9470872206516027
14276,0.6161650179935645
14279,0.5338210257759871
14281,0.34176962485006823
14289,0.28989903640635895
14290,0.34635240430013414
14293,0.6584160646912357
14295,0.5700315457773529
14297,0.3897358535077406
14298,0.3158712144046903
14310,0.3285818771018228
14312,0.7500903791949469
14315,0.7500903791949469
14318,0.5264716740696562
14319,0.5287240756805992
14325,0.5700001102408879
14331,0.34315033065560613
14334,0.31366727758497803
14341,0.5309075061852847
14343,0.9470074993445172
14344,0.3585621108232682
14346,0.3422952643775489
14347,0.3455025779703686
14349,0.35522846708852607
14352,0.34298999704949246
14358,0.35474877156744056
14361,0.3289961584689878
14363,0.7487956799683162
14374,0.526586653644202
14376,0.4180268055321919
14381,0.5695952502758936
14398,0.35512336470350137
14410,0.3539545393283972
14412,0.4180268055321919
14415,0.4180268055321919
14423,0.5399292034713369
14425,0.3423218305576811
14436,0.34043241019797665
14444,0.3506849362389557
14455,0.7173366105343142
14465,0.3497446245973223
14469,0.3158712144046903
14471,0.2911069542085186
14475,0.30760197933209793
14479,0.344122789514232
14480,0.32668021153312776
14488,0.518569657536483
14491,0.7221382441919034
14501,0.3579221661173317
14520,0.7218695560471013
14522,0.5554972206231449
14523,0.3364747133675806
14537,0.7130651997900274
14538,0.5559258782839355
14550,0.3448135221090852
14561,0.324850695240818
14575,0.3158712144046903
14586,0.35494914680238565
14592,0.3158712144046903
14601,0.7628986873673258
14602,0.35408918678275975
14604,0.3536074079924756
14606,0.31621670408837027
14627,0.3422952643775489
14641,0.6282286947404547
14652,0.3423218305576811
14662,0.6226864140973143
14665,0.5165190072450081
14673,0.514286511729218
14675,0.4180268055321919
14679,0.705693045019928
14683,0.3579221661173317
14686,0.3248317998348007
14705,0.43317074517973214
14708,0.3447934834115045
14709,0.7579215225838632
14710,0.3207339524148762
14715,0.5304249651154122
14717,0.3585621108232682
14723,0.34043241019797665
14725,0.32347590109964575
14727,0.5643522697093264
14728,0.3486460286141038
14735,0.34045897637810885
14746,0.3422952643775489
14752,0.4180268055321919
14757,0.3226254782732351
14762,0.32668021153312776
14763,0.3518226089546474
14797,0.3427268636803745
14812,0.35321898193147067
14818,0.7712278519794468
14825,0.3579221661173317
14827,0.35474877156744056
14829,0.3422952643775489
14830,0.4180268055321919
14837,0.3466763762886575
14849,0.3158712144046903
14863,0.3431294273347861
14869,0.3505047101927283
14882,0.32748404155557426
14884,0.7281356875157675
14886,0.663561284637676
14888,0.7500903791949469
14890,0.32318307486428854
14904,0.34608497504484503
14938,0.3158712144046903
14952,0.3466763762886575
14958,0.7207984290852185
14963,0.3579221661173317
14979,0.3403327887331845
14980,0.35474877156744056
14986,0.5399292034713369
14988,0.4180268055321919
15003,0.28742515956850034
15006,0.7173366105343142
15009,0.9472715893886007
15015,0.7500663194664502
15024,0.3534020828192461
15030,0.6360986700950321
15036,0.3158712144046903
15038,0.6270285317621972
15039,0.3158712144046903
15047,0.9149809603350828
15049,0.28805298066750806
15056,0.9472715893886007
15068,0.3429306292319323
15070,0.3486460286141038
15073,0.3350528279760964
15081,0.35430920209644906
15084,0.27926430891419773
15088,0.9472715893886007
15092,0.2592392770528699
15095,0.3520630088344712
15097,0.35430920209644906
15098,0.33354263931145733
15115,0.6721872035070428
15120,0.7500903791949469
15126,0.32803712400115137
15133,0.6178873445098413
15143,0.35430920209644906
15156,0.40838612724872664
15164,0.2564759014323514
15178,0.35075863649726513
15198,0.8271524591063385
15200,0.5776214171819701
15208,0.13898713406333935
15214,0.3030544167448946
15218,0.7728531183258595
15231,0.34716669547041595
15238,0.32803712400115137
15239,0.3534604977513735
15240,0.3890839450048211
15249,0.3538619580535879
15256,0.35321898193147067
15260,0.6582543437463406
15290,0.3158712144046903
15307,0.9530593317051739
15308,0.7627849103921283
15321,0.6939526614492539
15323,0.627140143306049
15325,0.34043241019797665
15342,0.716224780083102
15346,0.3422952643775489
15349,0.3585621108232682
15354,0.3539545393283972
15362,0.34128283302438733
15379,0.3405501630717265
15383,0.3585621108232682
15394,0.30463362855167525
15401,0.5915579555899179
15405,0.3422952643775489
15407,0.3422952643775489
15412,0.5388354818633116
15413,0.5267547083307669
15415,0.5679161341606661
15427,0.6263657726962353
15430,0.5241226596741667
15436,0.522886105090055
15439,0.3453182509411033
15443,0.4180268055321919
15444,0.7559844029098709
15445,0.7500903791949469
15450,0.3534604977513735
15456,0.9149809603350828
15465,0.3158712144046903
15466,0.3289961584689878
15470,0.335262431759177
15474,0.6588596744582291
15476,0.33819896583389125
15482,0.323390379232607
15492,0.3158712144046903
15510,0.5309075061852847
15519,0.3281895501204869
15523,0.25821073723626764
15535,0.5843021807123077
15561,0.9459672253291208
15564,0.6603546584932148
15566,0.2911069542085186
15579,0.34608497504484503
15580,0.6569392875751778
15581,0.34396707597023374
15587,0.33383037849622377
15589,0.3505047101927283
15591,0.377173539989498
15597,0.339150326586033
15620,0.7015268646413989
15627,0.6472452759664047
15636,0.7500903791949469
15653,0.3422952643775489
15662,0.9148592088270746
15664,0.3438520547965473
15666,0.5294297546606356
15667,0.2705811898717086
15674,0.593629315636767
15692,0.34298999704949246
15715,0.344122789514232
15736,0.5272914919434916
15744,0.6272701307327725
15746,0.32337675198049654
15758,0.3374554422887192
15760,0.2817524536746707
15766,0.2939215651667373
15767,0.3534020828192461
15789,0.7500903791949469
15810,0.3242727996134143
15818,0.3364747133675806
15820,0.33830784429888555
15830,0.35575598296263694
15844,0.27408360576501756
15850,0.2220289750245745
15857,0.34086400950080226
15863,0.8967202423542558
15869,0.3301160084915401
15872,0.3420387962965705
15873,0.5148088068068777
15884,0.33076046735334624
15885,0.6167234899542476
15891,0.6609111237423146
15898,0.35533727159083406
15900,0.34045897637810885
15932,0.3574623285154776
15940,0.345500693494155
15944,0.3364747133675806
15945,0.3422952643775489
15963,0.6174953842476565
15970,0.3431264299092309
15977,0.3158712144046903
15982,0.3333346255533636
15985,0.3551750383125727
15995,0.35343702988897213
16004,0.2808500745908205
16005,0.3158712144046903
16011,0.33911454259240453
16019,0.716224780083102
16021,0.34478112504476677
16051,0.724924055814781
16065,0.3158712144046903
16066,0.2808500745908205
16076,0.3158712144046903
16091,0.3488922802720051
16094,0.3158712144046903
16101,0.33911454259240453
16104,0.7221382441919034
16113,0.7221382441919034
16114,0.5272914919434916
16115,0.7221382441919034
16127,0.539175573233679
16128,0.3174669775992609
16138,0.6505949775278739
16139,0.716224780083102
16142,0.3336528395757465
16144,0.5129256700289696
16148,0.6851730948599735
16151,0.3253880020296793
16156,0.5236527579506627
16165,0.5298806723635293
16166,0.3050812589997293
16179,0.7749032329033044
16193,0.6494417037763996
16196,0.6379552277858317
16198,0.34043241019797665
16210,0.5447601659494018
16232,0.4180268055321919
16237,0.3218577781403476
16240,0.5126966540266632
16252,0.5374748008897684
16259,0.344122789514232
16262,0.3158712144046903
16263,0.33955968836739225
16270,0.3158712144046903
16272,0.34668815707700923
16290,0.3376106176606524
16295,0.8524823868269396
16297,0.3585621108232682
16299,0.3400813577045108
16300,0.33241516248888214
16302,0.3579221661173317
16303,0.5212700728105244
16305,0.5432006114156073
16309,0.3461533397431528
16312,0.34043241019797665
16320,0.4180268055321919
16326,0.33860810518619605
16327,0.33758426220952975
16338,0.3583482039359356
16342,0.35474877156744056
16346,0.5191897170281226
16348,0.3423218305576811
16355,0.5174903993954015
16356,0.5256858898452168
16378,0.7057180331632972
16382,0.262207629455669
16391,0.3433889150176138
16392,0.35430920209644906
16395,0.7500903791949469
16399,0.3477824390667092
16403,0.3459292615008468
16408,0.3240926341688556
16413,0.4074079592265447
16415,0.29611394504612065
16417,0.6748973544704355
16420,0.34141901722776113
16431,0.3258889402592771
16439,0.648908895691125
16444,0.781431561151469
16446,0.16160555230896914
16451,0.6603546584932148
16454,0.35269169786585747
16461,0.35585195621149573
16462,0.3585621108232682
16469,0.33304734373863926
16484,0.3497446245973223
16486,0.7175390678651715
16487,0.35245129798603364
16491,0.35494914680238565
16494,0.3289961584689878
16507,0.4605568682197624
16508,0.3466667614024942
16519,0.3486460286141038
16523,0.3422952643775489
16526,0.7882539038844899
16530,0.344122789514232
16532,0.8054158861095152
16542,0.29978682841079746
16550,0.7507260796867714
16555,0.3495844721730955
16558,0.2954627604798283
16567,0.7346742768314811
16576,0.3579221661173317
16579,0.33911454259240453
16595,0.6038178297151767
16598,0.2909471234479506
16600,0.3427268636803745
16604,0.8211721634696841
16605,0.8633489045186113
16607,0.7248936573712489
16610,0.34611496812195985
16612,0.9133176958822045
16617,0.6856931192801804
16625,0.7086025901837104
16632,0.560927103057139
16634,0.46611207733973115
16650,0.3585621108232682
16654,0.3579221661173317
16655,0.3579221661173317
16656,0.32841516082407485
16657,0.518906682767012
16660,0.518906682767012
16662,0.5944885525514947
16669,0.3447934834115045
16675,0.6274610710190576
16676,0.3301160084915401
16678,0.3422952643775489
16679,0.3585621108232682
16693,0.3420387962965705
16701,0.25581985236878396
16715,0.3517312445601111
16722,0.7144158318658645
16724,0.6381619212606655
16727,0.6616241052952344
16735,0.3332846189209632
16741,0.32648355363883896
16752,0.3174669775992609
16758,0.28742515956850034
16765,0.3477824390667092
16771,0.3459148956135412
16785,0.25379183025284285
16793,0.520254301412553
16800,0.38263150275624663
16805,0.3174669775992609
16809,0.21212193662553605
16820,0.5502058651372655
16827,0.5243572989102886
16830,0.5126950015643736
16843,0.9214258885922472
16847,0.3213470009468695
16855,0.7381088843827394
16860,0.7364321714953024
16862,0.6647175850387074
16863,0.3380150698709692
16872,0.1683523577950081
16874,0.31789429669829194
16876,0.3585621108232682
16893,0.3422952643775489
16895,0.33183058617982575
16914,0.40596027174074106
16917,0.3427268636803745
16926,0.33922532839535585
16930,0.5247754648839569
16931,0.3422952643775489
16932,0.3585621108232682
16934,0.33872579561921157
16937,0.34319390831948
16941,0.35474877156744056
16942,0.8628108414554513
16957,0.3585621108232682
16962,0.6034491056710393
16967,0.5798553658565317
16968,0.7618188223339263
16972,0.3574623285154776
16974,0.3423218305576811
16984,0.35533727159083406
16987,0.3505047101927283
16994,0.7370775313530525
16995,0.6520505623364503
16999,0.35408918678275975
17034,0.578733852199764
17038,0.3579221661173317
17040,0.28224059847233246
17050,0.34647925532296725
17068,0.3424751404016532
17077,0.3377540531205601
17079,0.6658068952534372
17082,0.6392897059524969
17085,0.6769066278401
17087,0.33856405429693864
17099,0.7271607685089043
17105,0.35408918678275975
17108,0.2564759014323514
17110,0.35049513631973694
17111,0.3477824390667092
17123,0.4729813124787083
17124,0.3431456872039596
17130,0.5555996161216917
17138,0.3420387962965705
17143,0.7924700604354017
17157,0.2938960678939412
17160,0.7566014942432321
17166,0.35254265672714946
17167,0.29978682841079746
17179,0.4423095354900348
17180,0.27926430891419773
17189,0.7790634624319716
17197,0.760734255786287
17219,0.6367417846726461
17223,0.29611394504612065
17225,0.7651352651284012
17229,0.7925288788621245
17234,0.3551750383125727
17235,0.29611394504612065
17239,0.3585621108232682
17242,0.33758426220952975
17243,0.3442904855635805
17246,0.538552447602201
17247,0.27750761408851976
17255,0.29952809811393444
17258,0.36616836617884296
17260,0.44322056594536186
17264,0.6357340867616986
17270,0.35585195621149573
17271,0.3574623285154776
17272,0.35533727159083406
17285,0.34047529254924735
17294,0.34298999704949246
17297,0.3585621108232682
17298,0.6558951409386568
17299,0.3585621108232682
17306,0.27783202990865924
17324,0.344122789514232
17326,0.33464267989280055
17330,0.34272592435369637
17345,0.3532170145752829
17351,0.7808216325883042
17352,0.32558456973743605
17372,0.29611394504612065
17381,0.7603637480479959
17385,0.6614104641028037
17388,0.32855423040238824
17390,0.637154223349718
17392,0.7408852855885474
17399,0.27140368582322716
17404,0.35408918678275975
17407,0.2628197450309139
17408,0.3854639891921225
17416,0.6655677824086812
17418,0.3501982854875035
17434,0.8592997039368414
17438,0.5868207087738162
17443,0.7943404408292051
17444,0.3486460286141038
17453,0.40058884316931254
17460,0.5231244605858109
17467,0.3307192499635255
17480,0.33799895682025016
17488,0.6087944213826927
17490,0.3369063126704062
17493,0.3579221661173317
17498,0.33758426220952975
17503,0.34221200095623727
17513,0.3585621108232682
17520,0.5914751956850827
17525,0.5475977063096514
17534,0.3414596559539432
17545,0.35201682710614174
17553,0.35459300841114477
17554,0.34272592435369637
17557,0.34017594211699825
17563,0.5952397406117275
17576,0.35585195621149573
17577,0.35474877156744056
17580,0.670496555410027
17582,0.34086400950080226
17596,0.3551750383125727
17597,0.34611496812195985
17602,0.7461150921316704
17614,0.6207876665524873
17623,0.5165190072450081
17624,0.6254224523615711
17627,0.6072144209487297
17628,0.34116613401675777
17630,0.3429306292319323
17634,0.8877332026648452
17640,0.3431456872039596
17652,0.4486999743561482
17657,0.2855791038296494
17661,0.27926430891419773
17662,0.35408918678275975
17666,0.3387787666161202
17682,0.7362943384957054
17688,0.4587345069400769
17693,0.5153133455509734
17705,0.3585621108232682
17711,0.3585621108232682
17715,0.3422952643775489
17717,0.3522893723980106
17721,0.34043241019797665
17728,0.2689211766741826
17737,0.34116613401675777
17745,0.3447934834115045
17755,0.3513768824002051
17764,0.7384927061628629
17774,0.3462905034981287
17785,0.3241016873848633
17786,0.768000546104934
17789,0.32668021153312776
17802,0.4277482153522933
17810,0.6970450574338842
17819,0.7899069056115645
17825,0.2777721662966504
17828,0.3374554422887192
17833,0.25625323236311004
17841,0.7680446196899803
17842,0.35322185677301865
17844,0.262207629455669
17849,0.3534604977513735
17855,0.3551750383125727
17857,0.8262695316491783
17861,0.344122789514232
17863,0.3506849362389557
17868,0.33856405429693864
17876,0.6392897059524969
17882,0.3462905034981287
17885,0.35408918678275975
17893,0.35430920209644906
17894,0.344122789514232
17902,0.760005039708131
17906,0.33987066354843165
17911,0.444722799981703
17917,0.32884020498857947
17921,0.2967538897520573
17941,0.28742515956850034
17945,0.3258889402592771
17949,0.29611394504612065
17954,0.33610838805196946
17957,0.3477824390667092
17958,0.7396867210763072
17960,0.3413369277781326
17985,0.636005557855914
18000,0.374661908973116
18002,0.6522087868317659
18008,0.2765512444348875
18014,0.3618419330226671
18015,0.9014247985036671
18019,0.27910580640981814
18021,0.3551750383125727
18026,0.30685182219170115
18029,0.3532170145752829
18034,0.6778664924361809
18035,0.35408918678275975
18036,0.3822854275810503
18039,0.760734255786287
18066,0.32970570153746176
18076,0.3551750383125727
18089,0.29611394504612065
18104,0.3763881554564895
18110,0.3579221661173317
18129,0.6795253062699165
18131,0.7627290060584323
18133,0.3279755565303665
18136,0.34263085394565146
18148,0.3867627484419255
18152,0.15401420881212136
18167,0.832256621543662
18177,0.3383736894850271
18178,0.3199288807907405
18183,0.3447934834115045
18194,0.6313896107312977
18197,0.7027887111101165
18213,0.31557331847533304
18214,0.35191938839162834
18221,0.34263085394565146
18227,0.23078336223070012
18239,0.8741508047346659
18245,0.33975448729834107
18266,0.2699115432056798
18267,0.47114176215277553
18274,0.35086103970882215
18283,0.2918069195616875
18297,0.32558456973743605
18302,0.2564759014323514
18303,0.679460182831399
18315,0.3551750383125727
18324,0.32803712400115137
18326,0.6616241052952344
18334,0.2872589910192809
18336,0.3501982854875035
18344,0.3448135221090852
18346,0.3427268636803745
18347,0.3252731850319091
18350,0.3422952643775489
18352,0.5193452646259551
18364,0.5399292034713369
18366,0.3495844721730955
18373,0.33357608164835584
18391,0.2967538897520573
18393,0.343992097049778
18395,0.6761484657083379
18400,0.7035450850576
18408,0.3583482039359356
18421,0.5240227943234819
18425,0.6706883788641774
18443,0.32762142379607645
18451,0.33392398171595195
18456,0.3634896329082895
18458,0.5860119081385852
18460,0.2636172222659605
18467,0.33463883300578934
18468,0.34363233908651325
18475,0.365114090355086
18485,0.23607095674714376
18494,0.7242256156736075
18495,0.8482766536818507
18508,0.6367417846726461
18530,0.35430920209644906
18533,0.35477496105623024
18547,0.34176962485006823
18548,0.3506168590426767
18553,0.27750761408851976
18561,0.3422952643775489
18565,0.803200354628059
18572,0.3207339524148762
18593,0.324850695240818
18600,0.32835621376305113
18621,0.6398855221021893
18629,0.7722617851171938
18637,0.33875508036792396
18649,0.35474877156744056
18653,0.5294297546606356
18660,0.3431264299092309
18671,0.3226254782732351
18672,0.27750761408851976
18677,0.33732513619399135
18681,0.8544478050259482
18684,0.9026266925952215
18686,0.35096944380980133
18689,0.5165190072450081
18690,0.5344430438173698
18709,0.5346337770725371
18716,0.8223052704047716
18723,0.5298806723635293
18773,0.2817524536746707
18782,0.3534020828192461
18797,0.5231852339003886
18810,0.3422952643775489
18817,0.6609103327347126
18820,0.8181809162234426
18825,0.3285818771018228
18837,0.6402974038634444
18850,0.6153035418750273
18857,0.41977650608236045
18861,0.6452669655423202
18867,0.34128283302438733
18870,0.33860810518619605
18877,0.6905452656893358
18887,0.40153626669191267
18898,0.34627333629498425
18900,0.6379081563196057
18914,0.6316264771748407
18921,0.40618898094854744
18922,0.7668580168344312
18945,0.3289961584689878
18947,0.7144850196270288
18953,0.5165190072450081
18954,0.3253880020296793
18957,0.5588949235499916
18960,0.6509610979323894
18973,0.3522893723980106
18983,0.3857441164736253
18990,0.3436525177272212
18991,0.3237606362182639
18993,0.33830784429888555
18995,0.3462151210920938
18996,0.3429306292319323
19003,0.33363463576995706
19014,0.3585621108232682
19015,0.3585621108232682
19019,0.6398079092992448
19028,0.33872160688367203
19038,0.4711970307552796
19040,0.44322056594536186
19046,0.344122789514232
19051,0.35055906357853506
19054,0.8756632408729064
19056,0.3585621108232682
19074,0.3447934834115045
19085,0.6588127480738568
19099,0.8552349221529918
19124,0.28742515956850034
19134,0.6364500697111433
19141,0.344122789514232
19146,0.6345815417956486
19150,0.34043241019797665
19170,0.3431456872039596
19176,0.34570732493538014
19187,0.3462905034981287
19189,0.3387208163417459
19202,0.6922441751494196
19208,0.3432340359778156
19209,0.32558456973743605
19210,0.8137646470024648
19216,0.3551750383125727
19217,0.2628197450309139
19218,0.763272309069199
19223,0.3301160084915401
19240,0.3174669775992609
19246,0.46178212600132135
19269,0.35258832554389663
19275,0.6924892794354616
19287,0.34668815707700923
19298,0.35430920209644906
19303,0.3422008436854537
19313,0.6875388793204504
19325,0.32668021153312776
19326,0.3517312445601111
19328,0.46041029067878175
19330,0.35468611871200884
19340,0.533819733606243
19342,0.3294272100612455
19343,0.3486460286141038
19344,0.5271765123689457
19363,0.32558456973743605
19364,0.6354540029523466
19371,0.32903809590171484
19376,0.33363463576995706
19377,0.3253880020296793
19381,0.3464405088370838
19384,0.4697178448518741
19390,0.3720327255321928
19402,0.3551750383125727
19405,0.3527480340383312
19409,0.32168563251360555
19418,0.7787991722882612
19429,0.6151893635377327
19446,0.6494417037763996
19458,0.6973232906669513
19460,0.7408852855885474
19462,0.7063586005347484
19465,0.35114516781024724
19472,0.44034718013600704
19480,0.3400813577045108
19503,0.7560934147550207
19507,0.6386299017530649
19517,0.3899286741882777
19533,0.29812448035094263
19537,0.2549837588148041
19541,0.33494104473164066
19563,0.28541293528043
19566,0.6951387890396491
19568,0.49690069355925853
19576,0.3551750383125727
19591,0.35254265672714946
19597,0.7683167340385423
19619,0.5539143975052037
19622,0.780522728145797
19623,0.3422952643775489
19624,0.3420387962965705
19627,0.3422952643775489
19629,0.3364747133675806
19633,0.3427268636803745
19639,0.2737419008935262
19641,0.3420387962965705
19643,0.3522893723980106
19649,0.3249532679673709
19652,0.8037699317324758
19657,0.35258832554389663
19660,0.7472245212220783
19668,0.8829884650931309
19678,0.3534020828192461
19686,0.6947407003468052
19690,0.3241016873848633
19694,0.35298145689319493
19695,0.32519267317164513
19702,0.7566071619821411
19712,0.45308729473497766
19720,0.5946638973660964
19735,0.6098782712024278
19739,0.34697897511183023
19740,0.6225889253100708
19743,0.33976229176312034
19750,0.5356980753807424
19752,0.63115613524483
19754,0.3585621108232682
19762,0.46943701385813313
19770,0.32797306744607263
19775,0.5264716740696562
19777,0.3422952643775489
19782,0.34116613401675777
19783,0.7768908595542223
19786,0.3585621108232682
19805,0.3371582508936454
19808,0.33125512534969914
19819,0.7839818219390942
19821,0.33266719045295284
19827,0.3462151210920938
19830,0.5374748008897684
19832,0.5213729143955403
19833,0.3386301575660055
19834,0.3539545393283972
19843,0.3422952643775489
19844,0.28224059847233246
19846,0.31813593984958793
19847,0.3423218305576811
19850,0.8360595340117523
19851,0.3146649294311209
19861,0.5881168322782641
19873,0.6280793527862213
19878,0.3431264299092309
19886,0.3486460286141038
19892,0.6085329676866086
19901,0.3424775476622149
19902,0.5786684077501946
19920,0.7258651720098536
19921,0.3248317998348007
19922,0.3447934834115045
19929,0.8029623117234604
19932,0.4961454490821419
19935,0.35408918678275975
19936,0.6666984316823694
19946,0.7508785146142788
19950,0.5910826922262534
19952,0.520254301412553
19955,0.4457000689343244
19976,0.33975448729834107
19983,0.6085329676866086
19987,0.3253880020296793
19991,0.7759441072114104
19996,0.6381619212606655
20007,0.7855988281939884
20015,0.34697897511183023
20019,0.26744638279615196
20023,0.3583482039359356
20034,0.3585621108232682
20036,0.33021445574277514
20038,0.3487097281557863
20039,0.3534604977513735
20040,0.7485362822603564
20045,0.44722366483188486
20046,0.6381619212606655
20048,0.3551750383125727
20060,0.2665064631560343
20068,0.35258832554389663
20074,0.863046415636634
20111,0.3258889402592771
20117,0.324850695240818
20125,0.33913407869771084
20129,0.6964983504373288
20134,0.33819896583389125
20135,0.35245129798603364
20139,0.33304734373863926
20142,0.4730956529278168
20147,0.6061345477341655
20154,0.7807004865062522
20157,0.297508825538823
20169,0.13866663480397026
20179,0.26016350471137534
20202,0.31581442642806046
20207,0.4602451140665543
20215,0.3289961584689878
20216,0.8331628462215596
20217,0.7980547475257176
20218,0.65345404184771
20219,0.6381619212606655
20226,0.3384001336364089
20236,0.351102555528725
20239,0.30719134150557725
20246,0.35269169786585747
20247,0.2967538897520573
20253,0.6635479845055223
20255,0.3241016873848633
20268,0.3438632840205428
20270,0.8268856202773347
20271,0.35207987858277434
20279,0.4304896848167288
20282,0.6352833089037786
20295,0.3537406324410645
20302,0.32196490463656147
20305,0.5294797458540585
20306,0.5343460662163114
20308,0.33799895682025016
20330,0.6209708352517821
20335,0.5903086494149523
20344,0.2634155472578286
20349,0.8936722992666493
20360,0.3374554422887192
20362,0.7597230502981419
20378,0.5229828031520813
20394,0.31366727758497803
20397,0.7673654370014715
20403,0.32347590109964575
20405,0.5985908884975458
20415,0.353026843416172
20417,0.3447934834115045
20420,0.3522893723980106
20425,0.51758461449454
20430,0.7838709599587177
20435,0.5360980450206325
20443,0.5209870385494138
20446,0.4161628407745696
20458,0.3583482039359356
20459,0.7504511443979528
20467,0.33476979371498583
20470,0.8038148005023658
20482,0.6504433566522679
20489,0.6249391807102165
20495,0.351102555528725
20496,0.34075233370683655
20497,0.7037778797468572
20505,0.27132996353137584
20509,0.7378859474340508
20535,0.3531958532974711
20539,0.8090385869938599
20544,0.7229581228200797
20547,0.3513768824002051
20556,0.22034238906410109
20557,0.5157699726558432
20575,0.33588169649013405
20577,0.32648355363883896
20596,0.3222296295076559
20597,0.3347574751356355
20602,0.34081052064087325
20603,0.40843772203224676
20609,0.6976384807950718
20618,0.3449132269028321
20621,0.7144850196270288
20628,0.3427814334997885
20634,0.4544306414508419
20637,0.34611496812195985
20641,0.3567112722015185
20642,0.44796260708433927
20647,0.35533727159083406
20655,0.6172960316592252
20656,0.2299020090146651
20661,0.35474877156744056
20664,0.8207378171791634
20674,0.7807004865062522
20679,0.6813929447511662
20680,0.3585621108232682
20683,0.8987338147243383
20687,0.32668021153312776
20688,0.8339630307032423
20695,0.35055906357853506
20696,0.3534604977513735
20699,0.344122789514232
20701,0.32762142379607645
20702,0.2782622254106981
20704,0.33354263931145733
20721,0.3402147184139585
20725,0.3226855303307528
20731,0.3579221661173317
20741,0.33769259498974674
20742,0.31366727758497803
20753,0.3285242856516795
20756,0.28224059847233246
20769,0.26243245024955514
20771,0.518906682767012
20774,0.3522893723980106
20777,0.3402147184139585
20781,0.33448444116061243
20797,0.6403621969716566
20808,0.5027941380251129
20810,0.5219424385410801
20820,0.5034403916124687
20823,0.902061680044934
20829,0.6954876105697034
20832,0.3579221661173317
20833,0.3577597161855338
20837,0.33758426220952975
20838,0.3226254782732351
20839,0.3422952643775489
20847,0.3574623285154776
20861,0.35474877156744056
20869,0.873349612059438
20875,0.26243245024955514
20877,0.48471344964541796
20889,0.33741926764405444
20894,0.7949686660802405
20901,0.6584160646912357
20919,0.36476597095898144
20923,0.3501982854875035
20935,0.7518033911007087
20937,0.35479493250304844
20939,0.6711964994249476
20940,0.3497446245973223
20943,0.3457575396480458
20946,0.7255574909972015
20950,0.6616241052952344
20961,0.8674367506980126
20965,0.3447934834115045
20967,0.5347568263961753
20969,0.32126514707422116
20970,0.34315033065560613
20975,0.5431101474514366
20987,0.6626148875344994
20995,0.7161981276391853
20998,0.7636934626052216
21002,0.30774986070098836
21012,0.8208888644536485
21013,0.742351525869468
21015,0.34081052064087325
21017,0.3300055061096974
21020,0.32558456973743605
21028,0.3486460286141038
21031,0.34128283302438733
21036,0.3174669775992609
21040,0.3174669775992609
21048,0.5694509794212571
21049,0.3431456872039596
21051,0.521044104803409
21070,0.35522846708852607
21072,0.5426551565079573
21079,0.6225757233859527
21090,0.6393558052415527
21093,0.34086400950080226
21104,0.25774798555616596
21114,0.3431456872039596
21117,0.33076046735334624
21120,0.34230845801240045
21121,0.3344060963022283
21132,0.35245129798603364
21136,0.5279192323087315
21139,0.590147247355456
21140,0.358929377512528
21146,0.6079074259904604
21150,0.5142972046561598
21178,0.5828995346411543
21180,0.7490346671563305
21198,0.3495844721730955
21203,0.34611496812195985
21210,0.3522341636496519
21218,0.32985225422575004
21220,0.34319390831948
21222,0.297508825538823
21228,0.6527596755999941
21236,0.5596669369732843
21239,0.3174669775992609
21260,0.3585621108232682
21267,0.33060767202393215
21271,0.3438520547965473
21279,0.29611394504612065
21286,0.3102677875270455
21288,0.34581188936252855
21294,0.7050769830999372
21298,0.34852330192979725
21299,0.6728612790738856
21300,0.7615667613977399
21304,0.35408918678275975
21307,0.3313302803701634
21309,0.35408918678275975
21311,0.32885478967077253
21331,0.3307192499635255
21332,0.8741508047346659
21342,0.5264716740696562
21345,0.6193089029322725
21348,0.7447089365908696
21353,0.5392440866202655
21357,0.34012175398760086
21369,0.5345670383100245
21370,0.6850622085201
21371,0.34043241019797665
21373,0.1509764073928189
21385,0.5933879434960381
21392,0.3248620454756795
21401,0.43425839118692827
21403,0.2817524536746707
21406,0.45183972511986675
21413,0.4260454664542633
21414,0.4721704972772179
21416,0.5049333096218834
21423,0.8439580705558839
21442,0.3671477061729412
21443,0.29611394504612065
21448,0.3456721224789945
21459,0.7434485052367471
21467,0.3327078073918429
21474,0.5163668675116199
21484,0.576063702742991
21488,0.576473064668114
21495,0.3174669775992609
21498,0.3585621108232682
21502,0.3453182509411033
21503,0.5129256700289696
21510,0.5360980450206325
21516,0.8676469223436388
21533,0.8079966939354809
21535,0.3551750383125727
21539,0.2967538897520573
21541,0.34835192994969166
21544,0.6381619212606655
21554,0.7673403190272557
21569,0.3486460286141038
21572,0.3838664516361783
21578,0.4034585463259469
21580,0.3390412474014157
21584,0.27750761408851976
21589,0.7687797016597212
21595,0.3422952643775489
21598,0.6513912894666888
21599,0.34148327715333254
21606,0.3431456872039596
21623,0.3422952643775489
21639,0.6598557412170257
21641,0.3497446245973223
21645,0.35408918678275975
21647,0.6357457179138495
21648,0.2808500745908205
21657,0.3383736894850271
21671,0.34780197844076055
21673,0.32126514707422116
21678,0.3431456872039596
21696,0.5734691105812733
21699,0.5212700728105244
21700,0.34178014620161307
21703,0.35201682710614174
21710,0.35155710844643256
21721,0.3306903356642268
21727,0.33997307046251013
21728,0.7939840174334613
21731,0.34970447787151304
21741,0.3447934834115045
21744,0.7900297587267227
21748,0.3518226089546474
21753,0.3432340359778156
21756,0.4822803271168845
21763,0.3439004423265301
21767,0.27910580640981814
21772,0.8445332193788703
21774,0.3380150698709692
21775,0.6114769713297721
21780,0.5602660087124491
21787,0.5216243125504715
21805,0.35408918678275975
21828,0.3272547347451942
21831,0.3384406795406506
21837,0.3466652410525732
21842,0.3534604977513735
21849,0.351102555528725
21856,0.5213961148088544
21858,0.3583482039359356
21862,0.34176962485006823
21864,0.35474877156744056
21867,0.3634896329082895
21879,0.34644817854704035
21881,0.34464469218502825
21883,0.34023530993455847
21891,0.5731490313180637
21892,0.3581283246637333
21902,0.260361573716818
21909,0.3462905034981287
21914,0.2991685524413367
21918,0.35269169786585747
21919,0.35086103970882215
21926,0.28742515956850034
21930,0.7244944115612153
21934,0.648908895691125
21940,0.34230845801240045
21945,0.262207629455669
21948,0.7410651886230305
21953,0.34905919803108354
21954,0.2991685524413367
21956,0.5386070207183682
21963,0.7643424675469502
21970,0.5171411143678868
21984,0.3431456872039596
21997,0.4443571734718735
21999,0.2927136473645776
22001,0.3424751404016532
22002,0.2802603110571234
22010,0.5639268796640197
22013,0.3341712855200348
22022,0.2907597701467468
22024,0.3341712855200348
22028,0.311538777921124
22029,0.7543016834024969
22045,0.3253880020296793
22049,0.34176962485006823
22064,0.6802081535177844
22069,0.5621221368567907
22074,0.2849254062599212
22082,0.2996349886456668
22084,0.3574623285154776
22090,0.5490425406818895
22096,0.6534452632863218
22100,0.3431264299092309
22105,0.3400813577045108
22119,0.3579221661173317
22130,0.3439152847135108
22152,0.7744961437406819
22155,0.35155710844643256
22164,0.3245181743070451
22173,0.33383037849622377
22194,0.5213961148088544
22209,0.3534604977513735
22217,0.28899230860346875
22220,0.3313302803701634
22222,0.7289336837601246
22244,0.2639095459357668
22245,0.3400813577045108
22250,0.520254301412553
22256,0.8764141062711499
22261,0.7714255878828292
22264,0.3459391242611883
22270,0.5756535266776106
22279,0.7760362768178708
22280,0.3379417634751123
22284,0.30463362855167525
22288,0.3438520547965473
22293,0.34176962485006823
22297,0.8818204323985755
22307,0.47086569766347647
22310,0.33913407869771084
22319,0.6613896467517524
22324,0.351102555528725
22326,0.2817524536746707
22327,0.333743807113975
22329,0.34396707597023374
22331,0.8276713401490696
22340,0.6361062032657662
22342,0.6687050254373508
22347,0.5173937013333753
22351,0.3423218305576811
22357,0.3423218305576811
22361,0.3388868932092366
22371,0.35258832554389663
22373,0.4785776175113118
22391,0.5392464764396067
22404,0.787400081924141
22409,0.7586592781593917
22411,0.35430920209644906
22428,0.6751871025764442
22436,0.6759486272110238
22444,0.7873384165286215
22445,0.3495844721730955
22451,0.3431456872039596
22463,0.3431264299092309
22464,0.2995100097744949
22467,0.7745979390268608
22472,0.3486460286141038
22485,0.8171470507301087
22497,0.358342231551066
22504,0.6671115043410105
22508,0.34499687688754976
22516,0.35474877156744056
22522,0.33662658070407003
22527,0.538552447602201
22543,0.8028732167481506
22549,0.35258832554389663
22551,0.6179384843204848
22557,0.6367417846726461
22562,0.35408918678275975
22567,0.35474877156744056
22572,0.35533727159083406
22575,0.3448135221090852
22578,0.35118959009021994
22579,0.3580489079149685
22580,0.35474877156744056
22581,0.27750761408851976
22591,0.6265363348152118
22593,0.34618474287278683
22597,0.345500693494155
22600,0.3958906119399816
22602,0.5224570914374161
22603,0.5212811352343083
22616,0.6735089974622058
22617,0.3240926341688556
22622,0.6597027951610482
22623,0.3534604977513735
22624,0.36666738740136307
22628,0.2926481495216096
22640,0.3506849362389557
22641,0.3534604977513735
22653,0.6371658545018689
22660,0.27736301857850676
22672,0.6981735940110789
22674,0.3459292615008468
22689,0.665520133796523
22698,0.339150326586033
22705,0.7622613837921116
22709,0.7927012079419744
22711,0.32558456973743605
22714,0.7380786274436626
22715,0.33856405429693864
22729,0.5311357039269018
22730,0.5212811352343083
22733,0.3417496541806478
22750,0.30393294038541735
22754,0.76404929323065
22756,0.7584037070691111
22758,0.6714762662925592
22767,0.7323319303452251
22768,0.6430851851987788
22769,0.7665465671337746
22776,0.33060767202393215
22778,0.297508825538823
22780,0.6461096852169821
22789,0.3436916119104006
22797,0.660167426744063
22799,0.8329792760849154
22814,0.2705553109640717
22818,0.3420387962965705
22821,0.526586653644202
22823,0.5344430438173698
22841,0.2694901052830146
22847,0.6034286502556157
22848,0.5264716740696562
22862,0.3534604977513735
22875,0.8336444522520581
22877,0.7621691371853179
22887,0.3513768824002051
22892,0.335643826808618
22899,0.7913853522942718
22901,0.8273853102888673
22907,0.3585621108232682
22909,0.4180268055321919
22926,0.35575598296263694
22927,0.3420387962965705
22930,0.3438520547965473
22934,0.3585621108232682
22937,0.344122789514232
22939,0.7500903791949469
22949,0.35625511261505804
22951,0.4180268055321919
22955,0.34478112504476677
22965,0.8546064195371059
22966,0.7221382441919034
22968,0.9530593317051739
22972,0.3158712144046903
22975,0.3158712144046903
22981,0.34116613401675777
22988,0.3158712144046903
22994,0.3427814334997885
22996,0.7500903791949469
23011,0.7221382441919034
23028,0.3158712144046903
23031,0.33741926764405444
23035,0.3424751404016532
23038,0.3158712144046903
23042,0.3158712144046903
23049,0.7915255054302806
23051,0.9530593317051739
23053,0.32558456973743605
23057,0.7500903791949469
23058,0.3158712144046903
23063,0.3534604977513735
23064,0.3424751404016532
23067,0.28742515956850034
23071,0.358929377512528
23075,0.4180268055321919
23077,0.7221382441919034
23090,0.3423381467288196
23094,0.4180268055321919
23097,0.3422952643775489
23103,0.28989903640635895
23107,0.7500903791949469
23117,0.3422952643775489
23122,0.33721942226448726
23124,0.2613009016527788
23126,0.4180268055321919
23129,0.7221382441919034
23136,0.4180268055321919
23141,0.3506652410525732
23142,0.3158712144046903
23147,0.3534604977513735
23154,0.4180268055321919
23159,0.3317646471891479
23165,0.3158712144046903
23171,0.7500903791949469
23173,0.16160555230896914
23175,0.34835192994969166
23179,0.9530593317051739
23182,0.7500903791949469
23185,0.3158712144046903
23188,0.3534604977513735
23189,0.3424751404016532
23209,0.3534604977513735
23214,0.4180268055321919
23215,0.3422952643775489
23233,0.35245129798603364
23241,0.3158712144046903
23252,0.3422952643775489
23255,0.4180268055321919
23263,0.3447934834115045
23281,0.32803712400115137
23282,0.3254078509602231
23289,0.33911454259240453
23292,0.32882041948868995
23296,0.35625511261505804
23297,0.3486460286141038
23301,0.3429306292319323
23302,0.3580969406610531
23304,0.3366025531445234
23309,0.3306903356642268
23312,0.3158712144046903
23316,0.34396707597023374
23321,0.32661479003925764
23342,0.3244333107712508
23344,0.3453182509411033
23350,0.2817524536746707
23367,0.7500903791949469
23368,0.32855423040238824
23374,0.32558456973743605
23387,0.3462151210920938
23389,0.8546064195371059
23399,0.7662152408454785
23403,0.7653424893712216
23406,0.9530593317051739
23414,0.3906832361846956
23415,0.3477824390667092
23419,0.7500903791949469
23436,0.35172208159582047
23439,0.8546064195371059
23444,0.4180268055321919
23445,0.35474877156744056
23455,0.318896752891391
23469,0.3207339524148762
23472,0.3267810953030468
23477,0.34894583147215186
23478,0.7500903791949469
23479,0.3495844721730955
23487,0.3423218305576811
23490,0.3267181073524749
23491,0.7708686975970565
23492,0.2833881771374175
23494,0.33036690658418594
23496,0.2803225975494921
23497,0.3413369277781326
23506,0.25774537498065725
23515,0.3431456872039596
23528,0.3199288807907405
23532,0.3579221661173317
23549,0.7653424893712216
23551,0.3526529312929714
23552,0.29681861699754586
23555,0.35408918678275975
23556,0.3534604977513735
23564,0.7500903791949469
23583,0.35609036550902207
23592,0.4180268055321919
23597,0.9470074993445172
23601,0.32841516082407485
23605,0.7221382441919034
23615,0.33476979371498583
23619,0.3423218305576811
23621,0.9470074993445172
23626,0.7221382441919034
23635,0.4180268055321919
23637,0.3422952643775489
23640,0.3431456872039596
23646,0.33476979371498583
23655,0.3423218305576811
23672,0.7432434020011947
23673,0.35343702988897213
23682,0.3245968709447304
23683,0.3158712144046903
23699,0.32800334670788966
23704,0.7500903791949469
23707,0.9530593317051739
23713,0.3313302803701634
23714,0.2616118272287542
23716,0.3158712144046903
23718,0.7500903791949469
23721,0.3310570538375497
23735,0.3521970531523692
23737,0.3422952643775489
23744,0.343424319985604
23749,0.7500903791949469
23755,0.2875663179816304
23769,0.7500903791949469
23772,0.3158712144046903
23773,0.1513665851847096
23774,0.7500903791949469
23779,0.38868016437832287
23782,0.4180268055321919
23793,0.3580969406610531
23803,0.9468381819695555
23828,0.7500903791949469
23833,0.7500903791949469
23834,0.7883739094549141
23844,0.344122789514232
23845,0.7500903791949469
23852,0.7876352395230103
23855,0.7500903791949469
23867,0.32164419069763195
23872,0.7221382441919034
23874,0.4180268055321919
23880,0.259709727076106
23886,0.28989903640635895
23898,0.34272592435369637
23900,0.32558456973743605
23903,0.32679404458020905
23907,0.29348801708660205
23908,0.7752066754744056
23912,0.32558456973743605
23916,0.29681861699754586
23917,0.3158712144046903
23918,0.35408918678275975
23922,0.3431456872039596
23928,0.28899230860346875
23940,0.7221382441919034
23944,0.6484562438359572
23945,0.4180268055321919
23951,0.34017594211699825
23966,0.3237606362182639
23970,0.33455495256519246
23971,0.35609036550902207
23976,0.7221382441919034
23980,0.3486460286141038
23987,0.9468381819695555
23988,0.34045897637810885
23993,0.3501982854875035
23997,0.3763881554564895
23998,0.33662658070407003
23999,0.8546064195371059
24010,0.7500903791949469
24015,0.7500903791949469
24023,0.3410486888013574
24033,0.2673611526107977
24046,0.7221382441919034
24060,0.3534604977513735
24062,0.298469171888886
24065,0.7500903791949469
24070,0.3100576371349347
24071,0.233059232503864
24073,0.32648355363883896
24079,0.35474877156744056
24082,0.9468381819695555
24084,0.3468543794040262
24089,0.35474877156744056
24094,0.3514292684298241
24100,0.3422952643775489
24105,0.3447259715463961
24106,0.27926430891419773
24108,0.7500903791949469
24111,0.9530593317051739
24120,0.3307744056968587
24125,0.6067224010009117
24134,0.7221382441919034
24140,0.345500693494155
24151,0.3585621108232682
24153,0.26127667958394585
24154,0.4180268055321919
24161,0.3534604977513735
24166,0.35258832554389663
24170,0.7500903791949469
24176,0.2802603110571234
24182,0.8546064195371059
24188,0.33760459666956494
24190,0.3423218305576811
24201,0.9468381819695555
24211,0.7537797405453365
24215,0.7500903791949469
24216,0.9530593317051739
24219,0.32164419069763195
24222,0.7500903791949469
24240,0.9530593317051739
24243,0.3477824390667092
24245,0.344122789514232
24251,0.3398449922095521
24256,0.9472715893886007
24258,0.25976577148990326
24261,0.3551750383125727
24263,0.34081052064087325
24264,0.3477824390667092
24266,0.2911069542085186
24273,0.3422952643775489
24278,0.34176962485006823
24289,0.9468381819695555
24292,0.35474877156744056
24293,0.34647925532296725
24298,0.9468381819695555
24299,0.32648355363883896
24303,0.7221382441919034
24304,0.3583482039359356
24305,0.3427268636803745
24329,0.3527480340383312
24341,0.3258889402592771
24345,0.7500903791949469
24353,0.2927136473645776
24358,0.9530593317051739
24364,0.7359968886518284
24367,0.3313302803701634
24370,0.7478660147795614
24377,0.35430920209644906
24380,0.32164419069763195
24381,0.262207629455669
24387,0.34570732493538014
24391,0.34045897637810885
24409,0.9468381819695555
24413,0.33323878700437787
24416,0.3420387962965705
24427,0.5823012519065679
24439,0.28959085682949154
24443,0.3423218305576811
24448,0.35430920209644906
24454,0.6036971655816559
24455,0.2845476516991391
24461,0.28917074147475313
24464,0.3497446245973223
24468,0.33506801721693635
24469,0.2967538897520573
24501,0.3228025582590439
24508,0.2939215651667373
24519,0.3563078827755726
24520,0.9472715893886007
24538,0.4180268055321919
24540,0.7221382441919034
24550,0.3258889402592771
24552,0.2549837588148041
24561,0.27926430891419773
24577,0.3580969406610531
24579,0.34176962485006823
24580,0.34176962485006823
24582,0.33534367830929573
24591,0.6246073963251959
24592,0.3422952643775489
24599,0.6842993614773757
24602,0.3431264299092309
24606,0.3486460286141038
24617,0.3310570538375497
24619,0.6339848306016499
24630,0.22040158071174934
24633,0.8546064195371059
24634,0.6424686659362556
24638,0.3420387962965705
24641,0.35474877156744056
24644,0.34134220084194755
24645,0.8546064195371059
24656,0.3579221661173317
24661,0.3460841028356338
24663,0.7221382441919034
24667,0.3579221661173317
24669,0.7221382441919034
24682,0.3495844721730955
24698,0.2616118272287542
24699,0.7500903791949469
24702,0.28989903640635895
24703,0.3158712144046903
24717,0.3462905034981287
24724,0.9530593317051739
24731,0.2927136473645776
24737,0.27348631866568657
24740,0.32930041637950286
24743,0.323390379232607
24744,0.9530593317051739
24755,0.4180268055321919
24757,0.3386301575660055
24765,0.4180268055321919
24766,0.3383736894850271
24776,0.7500903791949469
24787,0.9472715893886007
24789,0.33491506624515893
24791,0.31170540397632646
24792,0.3391486713549427
24804,0.1831538832479743
24812,0.3422952643775489
24816,0.34315978915458245
24817,0.33975448729834107
24820,0.6424686659362556
24828,0.33448444116061243
24832,0.26070509942586406
24836,0.3272547347451942
24842,0.7500903791949469
24846,0.2802603110571234
24847,0.3274727771857955
24848,0.9530593317051739
24851,0.7500903791949469
24855,0.7500903791949469
24856,0.3064144382129005
24871,0.4180268055321919
24874,0.3542546877691708
24877,0.35533727159083406
24889,0.3447934834115045
24897,0.28651843176561015
24899,0.7500903791949469
24908,0.35174354174744876
24913,0.7221382441919034
24923,0.32347590109964575
24933,0.3448728899266454
24971,0.3431273914559447
24973,0.9530593317051739
24993,0.4180268055321919
24998,0.4180268055321919
25000,0.9472715893886007
25001,0.9472715893886007
25002,0.35477496105623024
25003,0.9530593317051739
25009,0.32339836048595866
25024,0.2927136473645776
25026,0.28077245427968933
25027,0.9530593317051739
25034,0.2817524536746707
25050,0.3258889402592771
25057,0.3384406795406506
25067,0.7829594909332601
25075,0.35474877156744056
25081,0.3422952643775489
25085,0.3422952643775489
25093,0.34647925532296725
25097,0.3579221661173317
25103,0.3420387962965705
25104,0.6104514357995136
25109,0.3470485645700911
25112,0.784603564142469
25113,0.35245129798603364
25114,0.33036690658418594
25119,0.2699115432056798
25121,0.28742515956850034
25122,0.7966340409101283
25124,0.7500903791949469
25131,0.3264570906020659
25134,0.768252581072125
25144,0.33860810518619605
25147,0.7221382441919034
25148,0.4180268055321919
25149,0.33732513619399135
25155,0.4180268055321919
25169,0.6429911087453734
25177,0.7221382441919034
25178,0.34128283302438733
25179,0.3424775476622149
25180,0.7221382441919034
25191,0.7221382441919034
25199,0.33363463576995706
25232,0.3914635234256526
25241,0.3549346384327489
25242,0.7706002718333888
25243,0.2967538897520573
25246,0.29348801708660205
25259,0.7500903791949469
25265,0.7500903791949469
25278,0.7221382441919034
25280,0.3226254782732351
25284,0.3431456872039596
25286,0.7221382441919034
25288,0.32648355363883896
25318,0.9530593317051739
25330,0.7500903791949469
25333,0.35016626145152313
25339,0.3427814334997885
25340,0.7500903791949469
25346,0.3501982854875035
25349,0.8355239420418098
25351,0.3174669775992609
25361,0.7221382441919034
25366,0.34081052064087325
25368,0.9530593317051739
25369,0.3514292684298241
25370,0.3100576371349347
25375,0.18085235779500808
25376,0.7500903791949469
25377,0.34608497504484503
25379,0.34704827032758845
25382,0.4180268055321919
25386,0.4180268055321919
25389,0.4180268055321919
25399,0.3579221661173317
25400,0.9523718103564958
25401,0.6298616925823431
25407,0.3343090934443813
25409,0.320794680528064
25412,0.3599303977785621
25416,0.32347590109964575
25418,0.3585621108232682
25423,0.3486460286141038
25436,0.34919411216729873
25439,0.32558456973743605
25442,0.3534604977513735
25445,0.9472715893886007
25446,0.35430920209644906
25453,0.34975741694918516
25456,0.3158712144046903
25458,0.3100576371349347
25460,0.34148429580663925
25461,0.2911069542085186
25468,0.7985080233806584
25470,0.3520630088344712
25471,0.25557956104171886
25482,0.3477824390667092
25501,0.8546064195371059
25504,0.7221382441919034
25515,0.32519267317164513
25518,0.3551750383125727
25528,0.3579221661173317
25533,0.3404917780155368
25543,0.31200572615070415
25548,0.3326433602304993
25564,0.2634155472578286
25572,0.7500903791949469
25576,0.344122789514232
25577,0.3100576371349347
25587,0.3382401233815937
25591,0.30031522762773694
25596,0.2564759014323514
25598,0.2967538897520573
25617,0.33327180617375735
25618,0.8546064195371059
25620,0.3552120115055591
25623,0.35533727159083406
25626,0.34464469218502825
25628,0.34176962485006823
25633,0.4180268055321919
25637,0.3422952643775489
25644,0.3159914380537279
25662,0.3486460286141038
25663,0.5252329486748503
25673,0.6327664378738955
25678,0.34315033065560613
25685,0.3585621108232682
25691,0.3285497133279216
25706,0.3574623285154776
25707,0.33406623507278266
25723,0.3477824390667092
25725,0.35408918678275975
25735,0.7500903791949469
25740,0.34298999704949246
25759,0.3513768824002051
25761,0.7689255453869605
25769,0.344122789514232
25774,0.3240303239385436
25779,0.7500903791949469
25781,0.35459300841114477
25784,0.9472715893886007
25790,0.9530593317051739
25796,0.34682924240668817
25816,0.34023530993455847
25847,0.2833496962468059
25850,0.2805979490273654
25852,0.7663573602622421
25856,0.34220858888500694
25866,0.34319390831948
25867,0.7221382441919034
25868,0.3429306292319323
25869,0.4180268055321919
25877,0.7567927759379912
25878,0.34298999704949246
25890,0.4180268055321919
25898,0.8546064195371059
25899,0.34298999704949246
25906,0.9470074993445172
25907,0.7221382441919034
25915,0.9470074993445172
25932,0.7221382441919034
25939,0.3422952643775489
25946,0.7221382441919034
25951,0.7221382441919034
25959,0.3158712144046903
25961,0.3520630088344712
25964,0.3100576371349347
25969,0.32855423040238824
25980,0.3506849362389557
25986,0.3186349469108026
25992,0.3552120115055591
25998,0.34012175398760086
26000,0.3580969406610531
26006,0.34464469218502825
26009,0.32154988219283925
26016,0.5490425406818895
26023,0.9523718103564958
26038,0.3158712144046903
26041,0.2967538897520573
26050,0.3552120115055591
26051,0.9468381819695555
26057,0.3585621108232682
26060,0.20381692787358122
26062,0.34237308216159335
26067,0.9530593317051739
26068,0.28899230860346875
26072,0.35322185677301865
26074,0.7643633440982396
26075,0.344122789514232
26081,0.7500903791949469
26108,0.7500903791949469
26112,0.9530593317051739
26113,0.2564759014323514
26115,0.36956692995365825
26122,0.2678256616833022
26139,0.3241016873848633
26162,0.4180268055321919
26165,0.33827787134249876
26173,0.3585621108232682
26177,0.4180268055321919
26179,0.308534354357277
26184,0.3400813577045108
26190,0.33583898293536496
26204,0.3513768824002051
26205,0.15873174954773214
26212,0.769008966855771
26215,0.33494104473164066
26227,0.7973117552801631
26232,0.7221382441919034
26237,0.4180268055321919
26246,0.5364960588562888
26248,0.7221382441919034
26249,0.3585621108232682
26260,0.3158712144046903
26263,0.28800627219421404
26267,0.9437466107191128
26269,0.3513768824002051
26271,0.7500903791949469
26273,0.6371658545018689
26286,0.3158712144046903
26297,0.34012175398760086
26309,0.3447934834115045
26313,0.3448728899266454
26319,0.3427268636803745
26329,0.3344850585963678
26330,0.7221382441919034
26333,0.3438520547965473
26361,0.8632241516050806
26366,0.673653748484762
26376,0.881369577583133
26378,0.6226027861186708
26382,0.34045897637810885
26389,0.3427268636803745
26391,0.33589305330035174
26401,0.5126256650710985
26415,0.2918069195616875
26419,0.6588596744582291
26421,0.9530593317051739
26422,0.34272592435369637
26423,0.7500903791949469
26424,0.7173366105343142
26441,0.6923253113803928
26442,0.3563078827755726
26446,0.7794082626405278
26447,0.34263085394565146
26448,0.3432340359778156
26451,0.35430920209644906
26459,0.35401043468372606
26465,0.262207629455669
26476,0.340004425733788
26481,0.34272592435369637
26487,0.9530593317051739
26501,0.3235458949458014
26513,0.7221382441919034
26517,0.3301160084915401
26527,0.8585312269269195
26534,0.7221382441919034
26535,0.9468381819695555
26545,0.3431456872039596
26550,0.32041472424781053
26558,0.32548641843838166
26571,0.7500903791949469
26573,0.3158712144046903
26575,0.3462905034981287
26578,0.3158712144046903
26583,0.9148640101901689
26590,0.35408918678275975
26593,0.769008966855771
26602,0.27140368582322716
26606,0.7232153860418544
26613,0.7221382441919034
26615,0.3240805532828021
26618,0.3423218305576811
26628,0.9472715893886007
26630,0.7767659809068596
26635,0.3313302803701634
26645,0.3495844721730955
26648,0.2628197450309139
26651,0.3445502363248789
26660,0.2967538897520573
26663,0.6606280385364377
26664,0.7172984967732202
26665,0.7530793199622097
26673,0.6356208585889193
26675,0.3422952643775489
26676,0.3277765129120901
26677,0.3422952643775489
26679,0.3861438227568133
26687,0.5022685803680558
26689,0.47860070084328254
26697,0.35190535453967453
26737,0.7500903791949469
26747,0.9468381819695555
26748,0.3606338024414661
26749,0.36484919177196895
26754,0.9468381819695555
26759,0.3585621108232682
26760,0.7221382441919034
26765,0.3364747133675806
26769,0.34012175398760086
26771,0.3501982854875035
26776,0.3420387962965705
26778,0.3364551686281686
26780,0.32884020498857947
26783,0.35474877156744056
26785,0.32347590109964575
26800,0.3258889402592771
26804,0.30359910906095994
26812,0.3534604977513735
26816,0.3455136353937293
26823,0.7500903791949469
26834,0.3158712144046903
26836,0.7457063857728057
26841,0.7652659974212339
26845,0.34176962485006823
26849,0.3585621108232682
26854,0.6305258687491252
26858,0.3585621108232682
26860,0.32797306744607263
26866,0.3420387962965705
26871,0.3429306292319323
26873,0.3100576371349347
26905,0.3763881554564895
26907,0.31921424131632326
26920,0.6479254249784061
26924,0.260942580750194
26930,0.27755952394620137
26942,0.6412943990435317
26944,0.3514292684298241
26949,0.8585312269269195
26952,0.9470074993445172
26956,0.34403694973249377
26973,0.3328184260493568
26977,0.3585621108232682
26993,0.6252826894596777
26997,0.32347590109964575
26999,0.5210657188074228
27021,0.3423218305576811
27023,0.3583482039359356
27025,0.13592312154711753
27027,0.3422952643775489
27032,0.716224780083102
27034,0.3200478963408277
27036,0.5164893017540811
27045,0.3422952643775489
27050,0.27926430891419773
27051,0.7653424893712216
27055,0.3527480340383312
27056,0.35430920209644906
27060,0.3534020828192461
27061,0.7500903791949469
27066,0.7500903791949469
27070,0.3534604977513735
27073,0.3534604977513735
27077,0.7721491779745165
27085,0.3551750383125727
27086,0.35430920209644906
27099,0.4180268055321919
27105,0.4180268055321919
27109,0.3420387962965705
27125,0.28014974424322003
27135,0.3100576371349347
27139,0.62745260159142
27140,0.9459672253291208
27141,0.35343702988897213
27142,0.35408918678275975
27144,0.26070509942586406
27148,0.3583482039359356
27154,0.3585621108232682
27162,0.7221382441919034
27175,0.5213961148088544
27176,0.3486460286141038
27178,0.7295005724052486
27197,0.3400813577045108
27204,0.3431264299092309
27205,0.33720472458120687
27206,0.3420387962965705
27207,0.3431456872039596
27216,0.3534604977513735
27230,0.33693130924408293
27234,0.2543949170569488
27241,0.3549346384327489
27249,0.9530593317051739
27251,0.2967538897520573
27252,0.7457063857728057
27256,0.8019510519339715
27257,0.5363890065767775
27263,0.32041472424781053
27268,0.3585621108232682
27269,0.3431456872039596
27276,0.35474877156744056
27279,0.6997047634712943
27288,0.7500903791949469
27295,0.2967538897520573
27299,0.3158712144046903
27302,0.34263085394565146
27304,0.3534604977513735
27316,0.7667150621370568
27318,0.2634155472578286
27330,0.35322185677301865
27333,0.6499617210992974
27335,0.3384406795406506
27339,0.3402147184139585
27341,0.3909013705864565
27342,0.3311732883807402
27345,0.5374748008897684
27347,0.5151237374246491
27354,0.5583171966053293
27361,0.2732080713445573
27375,0.7221382441919034
27387,0.7173366105343142
27390,0.7173366105343142
27392,0.9437466107191128
27399,0.27140368582322716
27403,0.3398449922095521
27410,0.45807024051686723
27423,0.3441277664707007
27429,0.34140016193863687
27432,0.3385850800883836
27436,0.3423218305576811
27437,0.6308332072209477
27441,0.6298616925823431
27444,0.6149451529957949
27445,0.3429306292319323
27448,0.6229965271850607
27454,0.3462905034981287
27459,0.28899230860346875
27465,0.3384001336364089
27478,0.9472715893886007
27479,0.3675562187369528
27481,0.7173366105343142
27483,0.6633360409805066
27486,0.3398449922095521
27498,0.3438520547965473
27505,0.3422952643775489
27507,0.3423218305576811
27509,0.3383736894850271
27514,0.35474877156744056
27527,0.7500903791949469
27535,0.2817524536746707
27544,0.33975448729834107
27545,0.3447934834115045
27556,0.3487388673686985
27563,0.3579221661173317
27569,0.3422952643775489
27585,0.6603465365522758
27589,0.39594111298429696
27605,0.35408918678275975
27608,0.7500903791949469
27609,0.344122789514232
27611,0.26676535038388294
27621,0.36132651222482304
27626,0.7221382441919034
27629,0.3422952643775489
27645,0.7500903791949469
27651,0.3520630088344712
27654,0.3527480340383312
27656,0.7500903791949469
27663,0.7500903791949469
27673,0.2939215651667373
27677,0.34835192994969166
27678,0.33158082976931025
27680,0.3432340359778156
27681,0.3158712144046903
27684,0.34714743783694507
27688,0.3371582508936454
27706,0.3423218305576811
27709,0.3423381467288196
27720,0.3436124499818104
27722,0.3400813577045108
27733,0.6260401950550634
27734,0.5487480689538423
27739,0.34570732493538014
27746,0.4180268055321919
27751,0.8546064195371059
27755,0.3585621108232682
27777,0.51294926265161
27783,0.3207339524148762
27795,0.3515767727629309
27805,0.3579221661173317
27811,0.2987503838489838
27815,0.2817524536746707
27823,0.3387208163417459
27856,0.34043241019797665
27873,0.35322185677301865
27883,0.3477824390667092
27885,0.7500903791949469
27887,0.9148640101901689
27899,0.3422952643775489
27921,0.34315033065560613
27924,0.33976229176312034
27927,0.3422952643775489
27929,0.3522893723980106
27932,0.33875508036792396
27943,0.4180268055321919
27945,0.4180268055321919
27952,0.3375209034664178
27957,0.7883739094549141
27960,0.3551750383125727
27966,0.34272592435369637
27968,0.7500903791949469
27980,0.7500903791949469
27984,0.28899230860346875
27994,0.35155710844643256
27995,0.3158712144046903
28002,0.7500903791949469
28004,0.7173366105343142
28006,0.2967538897520573
28028,0.6792066909392965
28042,0.7495015858279211
28043,0.3158712144046903
28055,0.6623120931925243
28061,0.3158712144046903
28063,0.6613160264337277
28077,0.3517312445601111
28090,0.7495015858279211
28093,0.357460407891575
28095,0.26823811147431237
28096,0.7226417198635258
28098,0.8546064195371059
28099,0.34277150324209393
28111,0.35474877156744056
28115,0.33651369207122145
28123,0.3245829304055437
28125,0.3579221661173317
28126,0.7221382441919034
28129,0.7221382441919034
28131,0.3392883684393309
28139,0.33354263931145733
28146,0.33036690658418594
28153,0.7440963820788655
28155,0.34263085394565146
28160,0.6586135883428553
28166,0.3521970531523692
28167,0.6947407003468052
28176,0.6317421018093954
28185,0.3681741516147547
28187,0.7221382441919034
28195,0.7221382441919034
28203,0.3427268636803745
28206,0.3427268636803745
28209,0.3370266978794386
28210,0.3539545393283972
28211,0.35474877156744056
28216,0.3431456872039596
28234,0.3486460286141038
28235,0.7221382441919034
28248,0.3539545393283972
28255,0.3413369277781326
28266,0.3477824390667092
28277,0.3382401233815937
28286,0.3359609570582121
28288,0.3380150698709692
28289,0.6350529663304575
28290,0.3429306292319323
28296,0.3316312747380799
28300,0.8266186493053002
28306,0.320794680528064
28307,0.35474877156744056
28309,0.35474877156744056
28327,0.3681741516147547
28336,0.3579221661173317
28345,0.35016626145152313
28355,0.3313302803701634
28361,0.32260975181628276
28362,0.34396707597023374
28374,0.34298999704949246
28380,0.6188825515707965
28381,0.6151893635377327
28393,0.34957921778623813
28394,0.3447934834115045
28405,0.3585621108232682
28413,0.3422952643775489
28426,0.7500903791949469
28428,0.7744961437406819
28429,0.7500903791949469
28442,0.3551750383125727
28445,0.34975741694918516
28457,0.9530593317051739
28459,0.7634491701477745
28462,0.35430920209644906
28478,0.27876744174836104
28490,0.3422952643775489
28492,0.3427268636803745
28499,0.33821850352493854
28500,0.517659466962058
28506,0.7500903791949469
28509,0.34263085394565146
28513,0.3432340359778156
28516,0.3462905034981287
28519,0.9530593317051739
28526,0.29611394504612065
28527,0.26070509942586406
28528,0.781853431213757
28533,0.34835192994969166
28547,0.34478112504476677
28551,0.34128283302438733
28563,0.3480891475346916
28566,0.3585621108232682
28568,0.3583482039359356
28580,0.34128283302438733
28589,0.3398449922095521
28590,0.7500903791949469
28606,0.3497446245973223
28613,0.32558456973743605
28615,0.2757134682073505
28619,0.3158712144046903
28629,0.6302998420107784
28633,0.35459300841114477
28635,0.7500903791949469
28646,0.3115068082987946
28648,0.7013221992575109
28651,0.33819896583389125
28660,0.7500903791949469
28681,0.4180268055321919
28693,0.5831654914788807
28696,0.34220858888500694
28703,0.3422952643775489
28709,0.344122789514232
28712,0.7495015858279211
28718,0.32480748704268436
28719,0.635020567225056
28727,0.2777721662966504
28730,0.7835991148999639
28732,0.7221382441919034
28740,0.3344634424598523
28747,0.4180268055321919
28752,0.7221382441919034
28757,0.28863307737066
28764,0.34508608479697533
28765,0.7629077259384354
28770,0.7332255366154241
28772,0.7733928341728834
28783,0.3513768824002051
28786,0.28163850481984926
28796,0.32762142379607645
28799,0.7805151570231673
28806,0.7094069266511142
28807,0.3240926341688556
28815,0.34043241019797665
28818,0.34511814969210447
28823,0.3438520547965473
28824,0.5165190072450081
28831,0.9148592088270746
28834,0.5213961148088544
28841,0.33865672374613776
28848,0.7221382441919034
28882,0.5075956413206274
28884,0.32985225422575004
28904,0.3066609400267181
28907,0.2991685524413367
28919,0.30149329873329617
28920,0.6795165109341461
28928,0.25953084285335165
28935,0.1683523577950081
28936,0.32029061006234727
28945,0.34835192994969166
28950,0.7564239458384083
28957,0.716224780083102
28963,0.3585621108232682
28974,0.4180268055321919
28980,0.3585621108232682
28988,0.5512136604119651
28999,0.3486460286141038
29001,0.6096351212528669
29004,0.2586667370545615
29006,0.358929377512528
29012,0.3431456872039596
29018,0.4180268055321919
29027,0.35120549688269986
29030,0.29123949552709927
29032,0.3552120115055591
29039,0.35408918678275975
29043,0.3158712144046903
29056,0.7021101498757985
29064,0.7500903791949469
29068,0.32571530122524484
29069,0.3241016873848633
29074,0.27876744174836104
29076,0.3534604977513735
29085,0.32202975166666076
29088,0.7221382441919034
29091,0.3422952643775489
29092,0.6349822005084782
29093,0.35453486468010786
29094,0.5191897170281226
29108,0.7221382441919034
29114,0.32771244938695004
29115,0.33363463576995706
29118,0.3310570538375497
29125,0.3549346384327489
29127,0.7500903791949469
29150,0.33821850352493854
29152,0.34176962485006823
29155,0.6992526745052156
29165,0.29611394504612065
29167,0.3158712144046903
29174,0.3158712144046903
29180,0.3424751404016532
29185,0.33383037849622377
29190,0.3413369277781326
29192,0.9530593317051739
29194,0.34319390831948
29220,0.35474877156744056
29231,0.543414693100224
29237,0.5787713908242555
29240,0.5264716740696562
29247,0.3462905034981287
29256,0.32803712400115137
29275,0.3364570137925001
29278,0.3549383167081919
29280,0.7726060579040843
29286,0.35062231889573703
29288,0.6622899739695373
29305,0.6416380767031827
29327,0.4180268055321919
29329,0.7673403190272557
29333,0.34323320147361563
29335,0.3534604977513735
29342,0.9530593317051739
29344,0.3374554422887192
29353,0.35322185677301865
29358,0.33651369207122145
29373,0.3422952643775489
29392,0.3158712144046903
29393,0.6520505623364503
29395,0.9472715893886007
29403,0.7672977530278308
29405,0.651715891981937
29410,0.3534604977513735
29423,0.3557534177940363
29427,0.7685760668197489
29429,0.3207339524148762
29432,0.32985225422575004
29440,0.7045138215891248
29447,0.3422952643775489
29448,0.31870696229007783
29452,0.5500271544260543
29455,0.34017594211699825
29461,0.3285497133279216
29466,0.3423218305576811
29474,0.34045897637810885
29476,0.3427268636803745
29486,0.5264716740696562
29494,0.3422952643775489
29497,0.5478811744106791
29505,0.35201682710614174
29511,0.7500903791949469
29516,0.724924055814781
29522,0.34081052064087325
29523,0.27926430891419773
29524,0.2846800660148094
29529,0.29611394504612065
29533,0.33354263931145733
29535,0.3462905034981287
29548,0.29681861699754586
29551,0.34894583147215186
29563,0.3333346255533636
29574,0.35733099649791383
29575,0.32558456973743605
29592,0.35474877156744056
29599,0.5443784776606301
29608,0.26879302485774625
29613,0.4640186263528093
29620,0.34611496812195985
29630,0.7585919020349857
29637,0.22389658078119734
29638,0.34959545042547874
29643,0.3422952643775489
29648,0.344122789514232
29657,0.35018471450450095
29659,0.34263085394565146
29662,0.3551750383125727
29665,0.3470485645700911
29699,0.8633489045186113
29706,0.6072494948480178
29715,0.27299795478451744
29716,0.3447934834115045
29717,0.33911454259240453
29721,0.3083462161809437
29731,0.3313302803701634
29735,0.29611394504612065
29739,0.6357340867616986
29742,0.6862676596521569
29747,0.8851832996637005
29749,0.5942095153837186
29754,0.9160815283391741
29773,0.3327867867925108
29777,0.6381619212606655
29779,0.35269169786585747
29783,0.34045897637810885
29786,0.34116613401675777
29805,0.7491760875472451
29811,0.5191897170281226
29812,0.5231244605858109
29815,0.6597628439496604
29819,0.32347590109964575
29833,0.2616118272287542
29847,0.3272547347451942
29854,0.631904849192682
29856,0.5031542325446654
29859,0.33819896583389125
29864,0.3431456872039596
29865,0.34144849569195723
29867,0.33975448729834107
29885,0.521044104803409
29894,0.3477824390667092
29900,0.34272592435369637
29910,0.5346059884384106
29928,0.35474877156744056
29942,0.3422952643775489
29951,0.4083992048781482
29953,0.44751187790697455
29962,0.33466270110681356
29968,0.3551750383125727
29974,0.8199749377096475
29980,0.7198437057888325
29987,0.35254265672714946
29993,0.6626108779654887
30001,0.6393248198714938
30005,0.6497019246471278
30015,0.35474877156744056
30034,0.32463371823201836
30041,0.34277150324209393
30044,0.3574623285154776
30058,0.34230845801240045
30061,0.3158712144046903
30064,0.3158712144046903
30065,0.3534604977513735
30069,0.3459292615008468
30074,0.3427268636803745
30076,0.3341475255921103
30080,0.4180268055321919
30086,0.7512679899253288
30087,0.2721578829332169
30092,0.32558456973743605
30093,0.7500903791949469
30096,0.34272592435369637
30097,0.7500903791949469
30098,0.3240303239385436
30102,0.7221382441919034
30106,0.3423218305576811
30110,0.6317191464287144
30111,0.9470074993445172
30122,0.3377018371149372
30128,0.3422952643775489
30130,0.6347403349552226
30131,0.35474877156744056
30132,0.4180268055321919
30135,0.3522893723980106
30137,0.8546064195371059
30157,0.7500903791949469
30158,0.7432434020011947
30162,0.2609896210282375
30170,0.7500903791949469
30174,0.29988967818237716
30195,0.7221382441919034
30196,0.3427268636803745
30204,0.3431456872039596
30207,0.8546064195371059
30209,0.7221382441919034
30212,0.3486460286141038
30221,0.3447934834115045
30225,0.7221382441919034
30229,0.34043241019797665
30231,0.343424319985604
30233,0.3427268636803745
30237,0.40250039384922837
30239,0.5715183691197433
30242,0.42354112837945157
30244,0.35474877156744056
30249,0.3422952643775489
30262,0.34221200095623727
30286,0.3534604977513735
30292,0.3553884564559791
30303,0.35321898193147067
30320,0.3292163175885931
30322,0.29812448035094263
30355,0.38137472151441815
30356,0.3226254782732351
30372,0.3585621108232682
30375,0.32082297752522637
30379,0.34644817854704035
30384,0.343424319985604
30386,0.334244414602744
30394,0.36682347820924033
30395,0.3386723725197344
30396,0.3539545393283972
30397,0.33821850352493854
30402,0.3524745635294756
30413,0.2967538897520573
30416,0.33592536557184177
30420,0.27742962995292775
30422,0.7647205371207431
30432,0.3417456280655918
30434,0.3551750383125727
30438,0.35612924230009063
30444,0.2766527961433113
30446,0.3580969406610531
30455,0.3448728899266454
30457,0.3585621108232682
30459,0.3585621108232682
30463,0.4180268055321919
30468,0.34134220084194755
30477,0.33692523791341084
30478,0.34043241019797665
30481,0.3583482039359356
30482,0.34176962485006823
30487,0.34682924240668817
30491,0.3502182861749517
30496,0.7500903791949469
30501,0.262207629455669
30506,0.2616118272287542
30511,0.344122789514232
30513,0.388351353202436
30516,0.32436992929516806
30520,0.32648355363883896
30531,0.3422952643775489
30542,0.8546064195371059
30555,0.3374554422887192
30557,0.3551750383125727
30568,0.3574623285154776
30570,0.9468381819695555
30584,0.3423218305576811
30594,0.7500903791949469
30614,0.3513768824002051
30617,0.3402147184139585
30618,0.7777801138898245
30631,0.3431456872039596
30632,0.34176962485006823
30634,0.638491986736058
30636,0.30979497212527957
30637,0.30979497212527957
30639,0.3486460286141038
30647,0.3427268636803745
30649,0.33060767202393215
30656,0.34464469218502825
30660,0.34017594211699825
30665,0.33975448729834107
30669,0.3438520547965473
30681,0.3100576371349347
30683,0.7402598592051354
30687,0.7867218389777751
30694,0.3100576371349347
