shot_id,shot_made_flag
1,0.3633273232071277
8,0.34778950667005193
17,0.7196035961260234
20,0.7196035961260234
33,0.3688159818006568
34,0.4119199848700568
35,0.390708296825118
36,0.40131158312437076
37,0.8061820066656058
38,0.39445509433795867
45,0.3885659270904612
50,0.3923101102396897
55,0.22219781195759275
60,0.2619529425536504
66,0.30857308974782116
67,0.3177816656082133
71,0.376168650607167
80,0.29778867240076123
85,0.32399167899200854
86,0.5549901552351422
95,0.5926823618417798
104,0.35520164520253145
113,0.4024435061336211
123,0.30378732586160717
126,0.8421753289164577
133,0.5655319171534696
141,0.2655014766606578
144,0.3911767283898274
150,0.687325224280336
152,0.3705866069178466
153,0.687325224280336
156,0.33979927085357886
159,0.9031088905670317
165,0.6861677444163925
172,0.4123683197010767
182,0.9216498911184666
192,0.3862777665495945
193,0.6840382745479081
196,0.40738613593738615
202,0.3756418862431409
210,0.3007246936433659
211,0.42358281864346037
228,0.935482074668974
257,0.3755433586019049
260,0.3755433586019049
264,0.3634426082329797
267,0.7146636953710006
279,0.8951432294886783
282,0.4052875150102828
293,0.40049485187255707
299,0.8436786837256499
300,0.6821639100478691
301,0.7303739743112159
317,0.3649792537058444
327,0.4086272308147135
328,0.3512945648476898
335,0.3022446454331969
346,0.762817938413852
348,0.273137066656748
365,0.3890885914899447
390,0.7066135058994876
391,0.7066135058994876
392,0.7657746228862675
397,0.3446066997113728
418,0.3819354787024146
428,0.39173411016633564
434,0.6187381088540096
439,0.48571476272924297
440,0.39122748647098093
456,0.3339712483415713
459,0.29683911766565263
472,0.3996791114127898
480,0.27555472523642666
491,0.3407968420993906
497,0.3431265582138352
509,0.35363138094350877
511,0.35670175646842445
523,0.3319693225971982
533,0.4049606537590623
544,0.4753917152610396
546,0.4291541319803732
555,0.6912477986870136
558,0.3321932118124499
560,0.34074237671698804
573,0.3245365440534231
591,0.4266063533911508
596,0.3354330567688434
597,0.40323986703919534
601,0.6176684914759747
605,0.3769612200986169
617,0.35176792584647
628,0.3566941508029496
634,0.3128752332983173
646,0.28470475415392216
649,0.35265838614817036
651,0.6579077858346218
654,0.7920978551046094
656,0.4584640226436332
657,0.41400818785848964
669,0.4037620072876503
670,0.8961986542135056
693,0.6943473792434699
694,0.3284877291717635
699,0.4206661803954317
711,0.415255102971424
718,0.3737262679761104
722,0.39340808977321284
723,0.2953142639109634
725,0.6615827244481522
734,0.3104166889355311
735,0.3436558928204257
737,0.7758540355267913
746,0.31862829368486983
747,0.7378646574128477
766,0.28804719294150305
767,0.3381828740197662
771,0.289422575262997
773,0.24288120512381867
774,0.4217229272077435
783,0.31859954159000664
784,0.384929047087492
789,0.2991042936030083
792,0.3666298231790224
804,0.357487720473856
809,0.35151961431293566
812,0.3562619303658679
813,0.38713779081318683
817,0.3286229653581654
820,0.3513441937914275
825,0.4086627416273033
826,0.3800339818603871
829,0.37184031526548356
855,0.37252842673945663
859,0.6818524860854956
862,0.38878869253152815
870,0.3427390428225957
876,0.2901172277057368
880,0.3366789348726189
886,0.9432749665676472
889,0.8642263781528079
891,0.33216596958287614
897,0.9432749665676472
902,0.3294287921414294
903,0.37696937041408707
908,0.3683969332818653
909,0.38466027460529834
920,0.37526616805000296
922,0.3699671261957598
924,0.6512691016595828
932,0.3928353879181675
934,0.3219125220205883
937,0.3935783345572905
941,0.3646754771741758
943,0.3886544101554616
950,0.41251790954017037
952,0.3574523586890019
954,0.9354662901730435
963,0.3992398500602452
975,0.3525643772498859
979,0.36305144827437297
981,0.38204555663158163
983,0.403011835388019
985,0.6744673916507775
989,0.561094540518273
995,0.3883855160383778
998,0.41004017492090394
1008,0.30604779010315325
1019,0.6245670450460152
1023,0.3744177020702143
1026,0.35813387460876256
1029,0.6915498233909018
1034,0.8593985931673845
1036,0.6553783594008172
1038,0.3316987088660347
1039,0.6631725273371396
1051,0.3333642900296129
1052,0.33234421519892743
1066,0.34048254012780477
1087,0.27986294689342706
1092,0.36748165400039456
1094,0.7213294999210524
1098,0.3864092728469099
1099,0.3044610965685316
1102,0.36414097468501005
1118,0.3676584433729419
1131,0.3094696089472647
1133,0.6596198784508394
1135,0.8644496317913586
1138,0.4382462218647173
1139,0.7842361571637302
1142,0.3700734687026026
1151,0.3280376914573711
1152,0.36327391896722494
1155,0.6264168493329072
1165,0.3429115321630881
1167,0.8733848826760037
1172,0.4158436653126474
1174,0.7051517132613627
1180,0.4584640226436332
1200,0.41784379308748565
1202,0.40939946701151697
1227,0.6876266105241224
1228,0.748534450364026
1229,0.402606682505416
1237,0.3605124412083625
1241,0.3543363185626513
1256,0.3210170119203697
1279,0.3877559166091973
1293,0.35098580727670264
1295,0.3363079846800465
1319,0.6682168417792687
1320,0.3655180680102267
1321,0.7982854822507526
1322,0.7259391432092694
1334,0.3904525135197468
1351,0.750749505176
1373,0.3201008929434793
1375,0.32822281716831214
1380,0.5314200086030373
1382,0.6310364304761725
1385,0.35031110290320777
1399,0.35950014098356875
1403,0.8894675413345294
1428,0.28087265960182384
1434,0.35819804510532083
1444,0.9310487921882669
1448,0.37497603225950427
1466,0.8528731389857751
1476,0.3767075297547434
1478,0.3547996216603936
1485,0.3931879333062195
1491,0.6992116768742926
1494,0.6808896069244303
1500,0.3574020502363998
1501,0.6878944460028529
1503,0.37967348735903006
1519,0.6379210623381992
1524,0.3249077981499699
1529,0.7362504630216516
1533,0.6877963431575252
1538,0.9168726033980976
1539,0.34835493117019767
1546,0.37634444132660516
1555,0.3664274729677933
1559,0.3369564854536342
1563,0.6763835244295794
1565,0.7307776347585613
1574,0.35379492625980247
1591,0.3459667621579864
1594,0.2342031147027644
1605,0.2854570339656204
1611,0.36083572261973607
1614,0.383170600786635
1620,0.35327354847940107
1626,0.2921093758532431
1630,0.3694560134662058
1632,0.3264437299781153
1634,0.3066793061349702
1643,0.33141157839927154
1651,0.41377353430682146
1655,0.35155022442648765
1658,0.33964849959195775
1659,0.36573174138424913
1665,0.5452091406251572
1675,0.3299396713089543
1680,0.7331632663040186
1690,0.3912864076826392
1696,0.309190366710389
1714,0.30014431429786625
1721,0.4081626523507287
1726,0.3495584013041982
1728,0.3561480748592619
1734,0.35061324103650515
1735,0.39349240146804854
1740,0.33153870818170594
1744,0.8168553836684346
1747,0.28698078859175136
1752,0.24345006263042773
1763,0.729617839741044
1765,0.729617839741044
1769,0.35614551616166434
1785,0.6892284836256481
1787,0.345707309992744
1788,0.3278333347679594
1793,0.3168054225682188
1800,0.3752504962816481
1825,0.4109982779702283
1826,0.6920109330446559
1834,0.43506715959189984
1843,0.40333281954535716
1844,0.40712490201703233
1848,0.3023159824085099
1849,0.3293057742162483
1860,0.3293057742162483
1863,0.3293057742162483
1875,0.6682910032346239
1883,0.38326369166887597
1890,0.3752844060610086
1892,0.3557563345674502
1893,0.38346090473856875
1897,0.33263830510657966
1905,0.38478455867325406
1908,0.5489980574181241
1931,0.30407987371848266
1940,0.8349843913145694
1943,0.34708088221498784
1947,0.21656630451360995
1965,0.7620260998224895
1967,0.415809538151868
1968,0.39818558539860455
1972,0.7276418839192254
1982,0.35835338535439143
1985,0.3529249309293424
2005,0.8079056618180047
2010,0.801489840491248
2021,0.32860612227837066
2024,0.7676126219172683
2036,0.3998784207512115
2043,0.6103237406500577
2047,0.5707330247934392
2049,0.423583981922352
2055,0.39151740606263297
2065,0.3852507560450199
2066,0.31021157546888545
2070,0.34146510228370397
2077,0.8788103829120879
2085,0.5972189907295455
2095,0.5496548848403611
2097,0.694547253227801
2108,0.351534830155237
2112,0.7012102786733938
2113,0.6377119963103268
2122,0.33758905234658865
2139,0.37115514311385694
2144,0.6055949609046665
2146,0.29203658223964535
2148,0.3639009228820901
2149,0.7353039662567769
2157,0.34487091951320875
2159,0.3134172662827271
2168,0.3441685544872666
2176,0.4028880025430184
2178,0.5792681697887279
2181,0.2783920388175943
2187,0.7659552127244735
2188,0.2917507263443758
2190,0.27094076038696735
2194,0.314836915314494
2197,0.27590627651416977
2214,0.3205214288816095
2217,0.29351537986166043
2222,0.32910726102825927
2223,0.2678330923304236
2226,0.32774887491532945
2230,0.697290618841782
2240,0.2981606520293726
2247,0.3746603922945081
2250,0.5452334584310412
2259,0.5713120089622945
2262,0.3555685612007149
2266,0.3646865067260886
2305,0.3630362542495584
2310,0.38514632644395863
2313,0.2855346249624494
2319,0.8370231143178981
2320,0.6930621090725887
2345,0.3077902425462518
2350,0.742921065291932
2356,0.374102270955353
2360,0.589502319859568
2370,0.38114892502104913
2386,0.36102213666944727
2398,0.31044103439904835
2414,0.7110393843839549
2435,0.7245226518836108
2439,0.29860677612272374
2446,0.7245226518836108
2458,0.2899560393013485
2465,0.29057356647572086
2466,0.3578920135582929
2470,0.29907787026149146
2495,0.7509087507676598
2501,0.3854388787723739
2507,0.31524954698633034
2533,0.11039269731597054
2537,0.33214913600738083
2538,0.2807263755924819
2541,0.22614669180880964
2542,0.7119633725566223
2544,0.8532322675393011
2554,0.22403916020068376
2555,0.2123370784824038
2565,0.5503837820995061
2575,0.7092910106577055
2586,0.39379936341255
2588,0.34469451336877044
2594,0.6246300449856128
2617,0.4298719619136372
2618,0.3682835219905065
2623,0.9001439254847804
2631,0.48037573392945554
2640,0.26775502528507905
2642,0.6924619348918458
2647,0.36139052932899346
2663,0.3909467168138371
2664,0.3514502616356856
2676,0.35315326291339505
2680,0.9262915718408262
2681,0.36956615260347914
2691,0.33567789582026836
2693,0.367173871397029
2695,0.37634444132660516
2704,0.3355589936554101
2708,0.22310976403139948
2709,0.9400933448894435
2717,0.7320204732536539
2722,0.3656616349875119
2728,0.32357156238304596
2732,0.7297633643318022
2743,0.3518798530358379
2752,0.33647471900402004
2757,0.7083146805931493
2761,0.32256796527008075
2769,0.2718957296133765
2771,0.32256796527008075
2774,0.4103843263197018
2776,0.34258735011961106
2781,0.31857358147344805
2793,0.3536907597593492
2799,0.38473348566613713
2803,0.34372238207791117
2811,0.33823702620098234
2818,0.3467509581513652
2824,0.5816068728303783
2828,0.7550526117627807
2829,0.3214930049947361
2830,0.36852082102575756
2842,0.7550526117627807
2847,0.7110416165559783
2848,0.385314039859247
2868,0.32220699140216547
2870,0.28088408602121745
2885,0.3759088122473641
2886,0.4376115743042852
2889,0.6050360752222196
2903,0.3925908654357082
2904,0.7131248895980224
2918,0.8452018350939015
2919,0.3395616701227884
2922,0.3525056261436351
2923,0.3188587394284526
2931,0.2733576843698413
2945,0.36829946779717854
2955,0.32532610237328335
2957,0.6200370786452933
2960,0.660914763651876
2963,0.30284869829849537
2966,0.7714283047920185
2972,0.6496123781588605
2974,0.3194589348941447
2982,0.2900721363658959
2984,0.6569058410442437
3016,0.4034954113145971
3021,0.3418286295426385
3023,0.7756190029604348
3025,0.37492161516736067
3029,0.23719073012022704
3034,0.7507247267575957
3038,0.31228705799825796
3040,0.3753480937905826
3051,0.772782479740598
3062,0.35535515393327666
3069,0.37137182373707556
3071,0.36295236945122533
3076,0.9234610429138166
3079,0.28255781223145604
3081,0.27938916937560654
3082,0.3708798292494244
3084,0.8058480129016428
3098,0.32233822343132157
3104,0.3946771561472534
3105,0.40022080171805846
3114,0.7594627020057065
3118,0.35837529190434747
3122,0.2553990039243638
3132,0.2703763223180515
3138,0.3859364375330307
3141,0.407173080938557
3156,0.7058080894084653
3162,0.7412654769419348
3167,0.3549037916777661
3170,0.4132951031160089
3171,0.36388734162309166
3172,0.3917805704865649
3176,0.9479692852293128
3180,0.37444365980501293
3189,0.2663240194495577
3198,0.34913146378249954
3206,0.3261708984100976
3215,0.3277646632569928
3222,0.7963839399514818
3228,0.302296551709069
3229,0.32225936183986503
3232,0.32375509111007283
3233,0.2598617655188308
3238,0.3178200264857327
3256,0.48980343463083753
3264,0.5628138862474444
3273,0.35471321633981534
3275,0.7211952550893079
3285,0.36408652865422986
3289,0.26731737043534265
3294,0.3321215048286959
3306,0.41179885825303875
3311,0.76636812468691
3318,0.3323070041943136
3322,0.6356709152887352
3324,0.33560898970811565
3334,0.6541880325267707
3341,0.3617693821935268
3345,0.27249553951672245
3346,0.9308515287401342
3352,0.2972746023081939
3368,0.33828164806288874
3371,0.36312893764188736
3372,0.3856266221863789
3375,0.38990083754944127
3384,0.3475477648948005
3387,0.3383626250884537
3393,0.3359157327928623
3406,0.35312938466922705
3411,0.5809254340076206
3412,0.6530454218617572
3414,0.534666886947206
3417,0.6753347115273993
3420,0.749972746855164
3423,0.749972746855164
3436,0.30847834355129666
3438,0.7272815195735688
3442,0.2247089581971345
3443,0.3709177039344703
3451,0.26575908201483023
3461,0.3569842268403415
3489,0.3139336823402853
3491,0.5142378724467345
3510,0.6619986149402455
3515,0.5406240073269816
3527,0.3322684803186279
3530,0.32077407268181124
3540,0.3834685441513789
3582,0.34224096705982565
3604,0.3134207280885939
3605,0.2991397967440176
3609,0.31958633059770375
3624,0.3594351222562015
3628,0.768257501824083
3630,0.28439946497848934
3641,0.28980843612842166
3642,0.26410156899141274
3648,0.30758037113569603
3650,0.947973362966134
3652,0.9198493739462404
3660,0.3634800867047135
3664,0.3296110744880826
3670,0.3058268653605782
3672,0.32938139769418645
3680,0.37827709032351137
3682,0.9168309848718806
3685,0.6287242807566966
3686,0.3340724895970826
3689,0.34513781736959015
3705,0.35636039681531306
3712,0.31361059956029613
3713,0.3345245554708973
3719,0.3273462818918257
3721,0.3348052967569459
3723,0.7177255834134084
3724,0.29853838688776446
3727,0.32458015545126906
3733,0.5449190848123884
3734,0.41321629215093253
3742,0.36023443221766227
3770,0.3849982662278294
3777,0.4469856407585804
3778,0.37928053566103237
3780,0.3714393335340219
3783,0.5716177034090293
3784,0.38272004817157473
3788,0.363825791599944
3790,0.3671826106886634
3794,0.4029034218120561
3795,0.4078123496909195
3796,0.42130837468741067
3801,0.5324862028236488
3806,0.35780716911029
3813,0.37178857326067827
3814,0.38180760767049404
3818,0.27916801642115363
3824,0.41357716908185754
3836,0.36203534513429275
3853,0.3375526326449799
3855,0.30141673598786106
3858,0.3479430396176906
3861,0.769952893640897
3866,0.3249187457106293
3870,0.3539363403055865
3874,0.9517354333599306
3876,0.30009979140754683
3878,0.2978943267781293
3890,0.34725884377294547
3900,0.9109354943457713
3904,0.3264648600092762
3906,0.36749970336838533
3907,0.3862242001139856
3908,0.34013859769779786
3912,0.3000962546108293
3918,0.9418629986845319
3923,0.9327953859523137
3924,0.36756564313426515
3925,0.31594915009121627
3927,0.6808827119456153
3955,0.9331476743520362
3964,0.38704556773343024
3969,0.38704556773343024
3974,0.7052309606528124
3976,0.3757053098577985
3984,0.29847976895240624
3991,0.3664846547632906
3993,0.9530874658930184
4009,0.31447358295769556
4011,0.3789079412781362
4020,0.32890686494225496
4033,0.3101068469777418
4041,0.37983917988124805
4045,0.8031713956888707
4052,0.4147153327788097
4055,0.3873215478159683
4056,0.39284943673569506
4057,0.38379929663767487
4067,0.9497494335273211
4069,0.38738220395024286
4077,0.35298545247732116
4094,0.39286723365544246
4095,0.3879515470799243
4100,0.3877912622928562
4119,0.308418013656435
4130,0.6753363781773114
4131,0.3855345352629389
4132,0.5784757820083374
4134,0.6181343872447813
4137,0.8171629707866336
4138,0.3421198743910794
4143,0.31496098778688386
4145,0.37394965390941165
4148,0.3366899936426938
4163,0.4149459221317703
4166,0.4271054010170589
4169,0.7658901606811448
4170,0.40690137179387187
4174,0.427028713384769
4180,0.4397944855260761
4199,0.9506516337144029
4201,0.36360150062251895
4203,0.3780670508878172
4210,0.09149201713467456
4211,0.3745924894480832
4213,0.9261482651509749
4225,0.4028881699254939
4235,0.2978360203971364
4242,0.31474547731960684
4245,0.2985487880633542
4250,0.3721051583035982
4252,0.334500795232617
4254,0.27820305914620663
4263,0.27820305914620663
4264,0.27820305914620663
4268,0.3488169183387084
4270,0.37687466360596933
4282,0.7757007631316238
4283,0.336967299423807
4291,0.43023689882486055
4304,0.34080092159463005
4306,0.3093381399936216
4309,0.3297908146899918
4310,0.2948889356548565
4313,0.2397402832692597
4314,0.32987154540083125
4315,0.3171059676173652
4321,0.357450373497077
4324,0.3628426036089316
4325,0.36171142334566364
4328,0.3440066980924015
4329,0.34596971738197924
4332,0.3475565763332449
4337,0.3586165772116031
4342,0.36087732856200716
4344,0.35790981022278845
4352,0.3860443636719335
4355,0.34831597375869056
4366,0.32840014896066727
4371,0.3743377149504277
4372,0.3552653770368906
4376,0.32721296313094705
4384,0.3165303349246285
4387,0.3296427769220218
4389,0.3708984696308766
4390,0.37012849983368
4406,0.30563405752912975
4407,0.8787635433871439
4409,0.944728748572871
4410,0.7672889304897592
4424,0.35174832878825146
4434,0.34022899654196104
4452,0.30730251641560713
4460,0.41301574584398787
4470,0.654980115891753
4480,0.3386717996892516
4496,0.9302244324681656
4503,0.31549967829064307
4512,0.33588797864582487
4518,0.5805400181903139
4519,0.33759762972253327
4522,0.26748355056937445
4525,0.2522457333072491
4537,0.6743356409608057
4546,0.268796755366968
4547,0.9330370587643019
4553,0.38978455044063565
4556,0.3476240093389797
4558,0.8213238050504916
4563,0.3546904157327559
4568,0.32221473010453205
4574,0.7803651405282106
4578,0.2423798146057934
4587,0.36178583544039833
4592,0.47260393939142453
4610,0.3592183128357499
4615,0.32201304861349345
4619,0.32960113110752914
4620,0.580792600995111
4625,0.713322153861023
4635,0.34541523207409475
4636,0.36497029848057627
4641,0.37991354062093663
4650,0.3629185144412457
4653,0.7807171867466844
4665,0.33333899804356093
4668,0.9015670238796338
4669,0.2750660759872618
4670,0.3662212517075517
4674,0.3593094858763582
4675,0.412110427312931
4676,0.387897620103082
4679,0.33991638871267327
4680,0.859811190111992
4686,0.3751432511554019
4699,0.41682586103551095
4713,0.6085116589635251
4718,0.3490078532878208
4721,0.33078121067177546
4722,0.3233942495241938
4724,0.31011495167710346
4730,0.8993243977710761
4731,0.3320631237621142
4735,0.3261208935637331
4743,0.3672691593473357
4745,0.29708772811782613
4746,0.5915212442399009
4747,0.3511125556649475
4748,0.34762058833038734
4769,0.3852137670379358
4771,0.366146435106945
4774,0.35802827687447947
4784,0.33817067437370896
4797,0.3653014092784034
4801,0.6658517623197598
4804,0.3777814453215159
4820,0.28048273763970155
4833,0.35787385836341035
4834,0.3248021467216607
4851,0.29685694948568725
4859,0.31747741862035095
4860,0.9382498258499549
4863,0.38707939695362237
4873,0.39510185595587954
4881,0.3544188198254943
4892,0.3504331833643505
4908,0.3479430396176906
4911,0.312487465888975
4915,0.30539560215613837
4922,0.3329076722899609
4929,0.32334430786804785
4936,0.30314598260314585
4939,0.3915977688978788
4951,0.3397936385393505
4956,0.35460756330015036
4961,0.39549031273620666
4964,0.35625387546569004
4981,0.40130523885268143
4991,0.9364920779513265
4992,0.2784504689254321
4997,0.3553235931566193
5004,0.3336125052708284
5010,0.3485196573898236
5012,0.4110220134796578
5015,0.37987235077075104
5020,0.40004280862894026
5030,0.4030369533116216
5051,0.9530597290714042
5052,0.34858565581877504
5057,0.7429026187775701
5058,0.4747920538840049
5060,0.3394148266528477
5061,0.30141102168778044
5064,0.4747920538840049
5078,0.4744570571161766
5080,0.3749204402036116
5088,0.3324861599255568
5089,0.5980108512096407
5090,0.3319941946641074
5103,0.8854517879945271
5108,0.3171488161976207
5114,0.3064784371664032
5115,0.35075584732012605
5124,0.7093593938619058
5137,0.3382115057539443
5139,0.2858114224416711
5144,0.32970099624507243
5149,0.911047148934023
5157,0.32501009500810496
5163,0.27392127345192024
5174,0.3323844237867537
5176,0.36394164684811214
5179,0.2990628899473273
5186,0.4392157751979212
5203,0.8128903396178992
5204,0.7789764839368429
5206,0.2566452483541525
5207,0.7120009853272337
5220,0.3301371834450426
5221,0.7880214706746378
5224,0.33902203398955044
5227,0.25385464565604365
5229,0.2195952841283498
5232,0.7262121112163744
5240,0.7425930366174255
5242,0.6079201722488927
5243,0.25881905044348413
5245,0.7477665747516953
5248,0.2939740430055744
5249,0.22614460278354598
5254,0.2750999379002834
5269,0.3183987246763973
5272,0.3258400077509555
5276,0.36963315651936013
5286,0.7654719844439757
5290,0.29916732540391344
5308,0.40995239111170206
5316,0.34395212484328086
5318,0.33249192847856396
5319,0.3183164547738462
5320,0.39807830954591156
5322,0.31058640068155535
5324,0.28389977334399413
5331,0.722043294490604
5336,0.9537436164151389
5344,0.3386199018412412
5354,0.31952156190379444
5356,0.08847892981844245
5358,0.2880918125118087
5361,0.37106657804330007
5365,0.7487012772812586
5370,0.529968035638215
5376,0.3740716607268725
5383,0.3620036227537448
5384,0.3814948714020811
5385,0.36558483607233866
5393,0.7885858928414915
5397,0.2649015585207593
5398,0.37615053447020075
5402,0.33024001656738744
5407,0.7154216500250811
5409,0.36012196916545236
5425,0.3037841872729504
5428,0.7546052169582493
5430,0.37865671840127957
5442,0.35661589228482626
5447,0.33041693661706495
5470,0.3595679270922856
5485,0.37523723445041285
5493,0.29257604154819916
5502,0.6380824571569871
5504,0.3429223925308099
5517,0.2447393282588577
5522,0.33825935702535515
5527,0.7971973520807356
5528,0.2913995158902405
5536,0.5645339661665418
5545,0.3083239394878319
5576,0.291707013487415
5577,0.2733965605796317
5592,0.28283217961520046
5594,0.3165642785862084
5595,0.3728079469711509
5596,0.3387097438709301
5599,0.3268433471078287
5606,0.3393313056194674
5617,0.31285979823156773
5625,0.7931350922981518
5626,0.26128078747342015
5627,0.6746210403379548
5642,0.7138160868198871
5659,0.9425595437852832
5664,0.7183204805044349
5666,0.8150181842027339
5671,0.27285337340690846
5674,0.36320628155165713
5677,0.6514941646541732
5681,0.23025605543561364
5683,0.07675710136565705
5700,0.4302679281752052
5713,0.4190735729251402
5715,0.4190735729251402
5718,0.35416761844469347
5726,0.5917336457196244
5738,0.3633023155383811
5741,0.8001086740426878
5743,0.808167028494946
5753,0.35145015551128295
5761,0.2771442220544852
5789,0.693612111754775
5797,0.3325200539112697
5803,0.2701080597687303
5810,0.40667905865228604
5813,0.33608337964881674
5817,0.3134152184373372
5818,0.3225330914542782
5822,0.28750405917483074
5829,0.32326058048594575
5846,0.3942107949677869
5847,0.28386692935003544
5854,0.29513833323249533
5858,0.41044153250534754
5863,0.32002482230991147
5869,0.2719493270855547
5870,0.2875215727689674
5876,0.2199101053116025
5881,0.26316445102139907
5901,0.3269426653444256
5922,0.6280454917085192
5928,0.775460738815466
5933,0.3471533961774935
5934,0.775460738815466
5946,0.36567978905067666
5951,0.281596526376905
5955,0.3822945575709973
5956,0.9144758364217942
5965,0.3576222463719892
5972,0.3209448768566534
5981,0.2618867181434084
5997,0.33249192847856396
6005,0.2726965529057299
6009,0.2565080040312848
6010,0.328837719769316
6015,0.3458623204897881
6039,0.2628921282966026
6047,0.7766328034058521
6051,0.06702206381263964
6056,0.3419612302530628
6061,0.3662439269260459
6064,0.3226038788163754
6065,0.36638786470066587
6070,0.3225742113932206
6085,0.782581990606751
6086,0.24703049371586389
6091,0.7803968825336112
6097,0.2734093020893623
6099,0.3433486942597739
6104,0.7803968825336112
6108,0.3433486942597739
6109,0.3433486942597739
6124,0.5647852541982352
6142,0.7564002397898462
6144,0.39262570189339274
6150,0.36528501016945647
6154,0.34858565581877504
6155,0.2903403632243464
6156,0.9530597290714042
6158,0.36452600739723845
6159,0.9530597290714042
6169,0.7273722194241041
6170,0.09971946584176335
6179,0.3831050998603308
6184,0.5269786383947415
6186,0.781463782904434
6204,0.18340243290381886
6230,0.39012289260800004
6231,0.3555226572418235
6232,0.9012281164292953
6235,0.3452292476229538
6237,0.7145472166170241
6239,0.3715016746465817
6263,0.29056061892805024
6265,0.3496633950068375
6270,0.3670327046888447
6271,0.285397309630155
6278,0.3309032624136531
6279,0.5398029697012133
6288,0.3364900059456907
6294,0.36759379227157685
6295,0.2686575193509929
6302,0.7292951110499418
6306,0.28799372432866577
6322,0.8122784885411479
6324,0.3543999339807188
6327,0.2691119593397233
6331,0.39873866818077564
6334,0.31161445530224224
6338,0.6437359141619579
6339,0.6210835941614778
6362,0.33438861767572037
6372,0.3338963239103345
6375,0.7871250153667958
6393,0.2955071278670766
6394,0.4275308237837643
6405,0.946636880237302
6406,0.56841192528978
6416,0.675368118312347
6421,0.3150517574290992
6422,0.24072214780845602
6440,0.9345823195008455
6457,0.7822563664238481
6460,0.4961821757243229
6463,0.36634969411662355
6474,0.7858682333257384
6476,0.4018776897639197
6477,0.3706749773655585
6482,0.7693712737692069
6488,0.3393610161187459
6489,0.2660363172391914
6494,0.3232945351347387
6499,0.7414236647192224
6507,0.24415167875164423
6524,0.34431724504640393
6527,0.3223597000977158
6531,0.3202657163727948
6536,0.35210748935934905
6538,0.23577970501129325
6542,0.749996140364795
6565,0.32990675623889615
6584,0.3685421800484875
6588,0.38426579089570323
6597,0.38425624438382344
6603,0.7848455484938426
6609,0.7848455484938426
6613,0.7848455484938426
6622,0.315971876284065
6630,0.3599034970739168
6637,0.289497458915015
6639,0.8016361616308605
6640,0.2550762643820811
6646,0.37119120831290614
6647,0.42126081056614084
6648,0.9454931013146044
6669,0.29420128282543895
6680,0.33028430990794044
6681,0.34443042659405276
6684,0.11694818285496995
6693,0.37632200878707234
6694,0.38326995414612164
6704,0.23849659537928275
6706,0.28251003608905
6710,0.4206270207074788
6713,0.3940604667837643
6718,0.24728769698492659
6732,0.3521362864112863
6737,0.36454832590371633
6739,0.3497476883524844
6742,0.364224780935685
6746,0.6496515222308215
6753,0.3226520707692728
6771,0.25474678574225396
6784,0.24665578869318733
6790,0.952088332716024
6795,0.3444697180633531
6807,0.3264270678998254
6808,0.33256775768513586
6818,0.32459319635520745
6823,0.4011961145480957
6830,0.40990685031852514
6831,0.40990685031852514
6832,0.36687685672963233
6836,0.39337108745840915
6846,0.3594587557536375
6850,0.38502467469782276
6854,0.3485687917218441
6868,0.7823504101822872
6876,0.6086311040722908
6877,0.7275305029632819
6881,0.33120619951060826
6882,0.348557523834709
6884,0.3431451387432084
6886,0.3352075230569985
6901,0.34532854779512934
6910,0.36409908319891815
6913,0.3221001819152933
6914,0.7359544717881854
6918,0.7244412549109545
6930,0.7576263379547888
6941,0.28599656267906604
6944,0.6892686303609049
6945,0.3187954935829941
6947,0.3404658629788952
6949,0.800942017534034
6952,0.3270159652760799
6963,0.6106320118630806
6964,0.6581121577578293
6972,0.7671832554247389
6979,0.3553906372759939
6981,0.38596108290637066
6988,0.8119942617591605
6990,0.32394218681360903
6998,0.3350479261329702
7004,0.40781318895823443
7016,0.541460063323451
7027,0.3632178118887916
7042,0.2990260576210447
7056,0.28594036967682357
7061,0.32114128252302765
7069,0.6589839844732914
7071,0.3509244297446502
7088,0.7381895150676173
7099,0.3509102694305707
7108,0.33531569931718497
7121,0.877511455732838
7125,0.7820254381920813
7136,0.5903383944386373
7149,0.6467559479104513
7150,0.5728150541629475
7151,0.3627280094023977
7167,0.36801209682586195
7177,0.7323740344517867
7178,0.35934220125645894
7183,0.5816205023537395
7186,0.32761884880325176
7190,0.2521515954726426
7201,0.37996806304055913
7202,0.32205559449685495
7207,0.345537200988668
7213,0.2986720634337584
7224,0.7434362347235536
7225,0.28973514971243974
7233,0.33701115971425616
7239,0.2843235327560981
7246,0.28597864324005584
7248,0.281415620527519
7261,0.3402006755625875
7264,0.36046954260797176
7266,0.313595284862716
7274,0.35130067477769095
7279,0.2859699683865703
7293,0.3723315832180102
7315,0.30827126360868873
7322,0.38429127505277483
7326,0.9002524549080553
7341,0.3888530298319872
7363,0.3423015951784527
7365,0.7344744500588278
7371,0.310193516270513
7377,0.37100879872957737
7393,0.805694859371904
7405,0.26763037325927297
7410,0.2965223985242734
7434,0.6677627343157958
7438,0.3729054056093023
7447,0.7549378960242602
7450,0.801455290952368
7452,0.38021769638854663
7453,0.23777831591117757
7455,0.2922265926069094
7456,0.31919775888547186
7457,0.9157116729628871
7466,0.3689158314240024
7470,0.7889524232662456
7474,0.33228262997474856
7487,0.5529546328030572
7488,0.3530748671229953
7492,0.7233602695856843
7496,0.3531502810158659
7501,0.37100425063593057
7505,0.4216806976562518
7512,0.2775393266284454
7526,0.5523538916602346
7536,0.5625136400957149
7538,0.7026093326813192
7539,0.3992824885003272
7544,0.7567721264487042
7554,0.5252437974369094
7564,0.3083053509346598
7566,0.6784078964887159
7580,0.6805755364106378
7581,0.7989369427187697
7584,0.40687295675082236
7587,0.3892140893445235
7589,0.4071702113942727
7590,0.38445207039666796
7594,0.6654699484482678
7597,0.3637637829901609
7602,0.9130586283402238
7603,0.3765597201252525
7605,0.6970190453380274
7609,0.3713454739089025
7613,0.37701303180462553
7619,0.26077032746939416
7625,0.3221164521312526
7626,0.4072897507121241
7636,0.4072897507121241
7639,0.8152807590041586
7641,0.3596503018448234
7643,0.8546391823338284
7644,0.34868199040703146
7657,0.38117687606541606
7661,0.7693410127398346
7666,0.32040784550490886
7673,0.35823325958841334
7683,0.38459924840715687
7685,0.3628297201699483
7699,0.3460378243326039
7704,0.7183946914688777
7705,0.561593715958995
7708,0.5636382563980349
7728,0.31862474473256197
7733,0.41548045231525316
7741,0.4040380106657222
7743,0.38860258441865025
7745,0.30222331793170754
7754,0.7339499852466842
7756,0.2979804423762137
7757,0.3526868917980164
7770,0.6736991350966373
7773,0.9539656673890029
7774,0.40551646450716483
7776,0.7242594841890468
7777,0.37329600666963425
7778,0.37420420303833357
7781,0.34942412652542176
7784,0.3881658041458115
7789,0.8903671972916963
7794,0.6693631737647003
7799,0.3363944570357015
7801,0.7100042815988805
7818,0.3023887611135509
7823,0.3617994908500304
7828,0.38268496458539214
7832,0.3698746500403896
7839,0.4034423298015275
7851,0.8360246579902924
7856,0.3769508306695286
7868,0.30807727157598364
7869,0.3860505269926384
7872,0.35348911147470646
7874,0.3478667326327576
7878,0.3674443296832127
7888,0.357143894567869
7913,0.3451150433847756
7923,0.39213206325608563
7925,0.3989537779289722
7926,0.5749386965115555
7938,0.3774212441450845
7942,0.8004542782594445
7945,0.3884167469743399
7954,0.6666166110964142
7963,0.31960038887285
7969,0.40208430028235925
7970,0.3201877845133987
7977,0.3201877845133987
7981,0.3149389212374545
7990,0.2908710931849256
8020,0.5611633971548162
8023,0.39300083721527057
8025,0.6836963260477636
8034,0.4225413021335255
8039,0.3615703201533297
8046,0.366354142853484
8051,0.3333656085767551
8055,0.3685114550599723
8060,0.37308378838310124
8063,0.3484293121773568
8073,0.939507214355667
8074,0.37250279673459635
8076,0.6788282390355356
8080,0.36153039160140665
8088,0.34778772993546975
8102,0.4492747779824977
8103,0.4071973374553467
8104,0.4071973374553467
8105,0.3325357455585739
8109,0.2674460191000918
8115,0.4071973374553467
8121,0.607739847132337
8126,0.31044525717140836
8135,0.8148235675109843
8153,0.7010175463153128
8156,0.3215310838464387
8160,0.7758242432636864
8161,0.37217987078989245
8162,0.35804562090429815
8171,0.350561054528048
8181,0.34018390810998556
8183,0.38002278697260927
8185,0.29589538743359384
8191,0.9252787381866778
8203,0.30231447152833957
8204,0.5886079347875435
8207,0.5568936806178173
8208,0.3295561234026904
8209,0.5688404281687114
8210,0.309669763192594
8225,0.34336381179332714
8226,0.33279363713447363
8231,0.5662884988949981
8233,0.3537580932198904
8244,0.6885004298623847
8250,0.3173887561921829
8261,0.34069349325128073
8265,0.3216039823748915
8278,0.39906428681918665
8279,0.3509400519243017
8280,0.26657875738791836
8296,0.8162776298963228
8299,0.3339542675732835
8300,0.37038714861155464
8301,0.3131372618757886
8305,0.3987547442218508
8327,0.3364111918917752
8334,0.3700279676194111
8349,0.2769683319082494
8355,0.30238906682185407
8361,0.37477961260684056
8362,0.3977137826670081
8364,0.3747980904026771
8365,0.36921184662129825
8375,0.38070161938249764
8378,0.7170843578145992
8380,0.2801953296236175
8381,0.3468304626009246
8387,0.35996200573979753
8399,0.7911165011652233
8402,0.9389523087624928
8409,0.3926606587415748
8433,0.7049526499006846
8436,0.39717898479054037
8442,0.34116082155764876
8448,0.3890331201739194
8464,0.3108263435869248
8469,0.5459241016635082
8474,0.5820792295823503
8478,0.3064823534076099
8482,0.3263255890613612
8490,0.34652554525364504
8510,0.3363911044037516
8511,0.37594615255069586
8527,0.393482702581775
8532,0.2805347934066226
8533,0.3764354428799226
8538,0.3318112132883224
8541,0.3254714575500965
8545,0.32569881117329263
8553,0.3530373254714476
8554,0.4115312863507057
8555,0.38738571539189615
8569,0.38473152041102143
8586,0.7801095697044298
8593,0.4020577343322492
8600,0.9563272192314223
8606,0.814241647740455
8607,0.3562203254112768
8611,0.3111874931048366
8613,0.7806793299623095
8618,0.873130745387396
8630,0.31678330325973314
8637,0.37589131109948015
8650,0.379800155807824
8652,0.36377388297894764
8661,0.37593222772459195
8669,0.38095767795273916
8673,0.40135879331683544
8674,0.40172130707426446
8678,0.7854755412515284
8682,0.3753452268908808
8688,0.3339382082407182
8689,0.7596739121816858
8695,0.34799746553878785
8698,0.3168274016587368
8703,0.32878516059174634
8709,0.34479623479182964
8716,0.3823987195767887
8723,0.36864782110436933
8737,0.567197048794774
8753,0.3677698914000034
8773,0.4077272194503818
8774,0.2968805730665972
8778,0.6038378912506563
8786,0.5382595248184379
8794,0.4077272194503818
8795,0.5600617804471617
8800,0.2791935752374241
8804,0.3597262527932591
8808,0.3557335697012699
8809,0.3025656401174744
8817,0.34069349325128073
8818,0.37715959542799604
8825,0.39599970418281755
8830,0.3364369361729749
8833,0.37351423333155814
8834,0.38307073225556376
8836,0.42184319772596346
8837,0.3586010776755329
8844,0.36591636897577706
8851,0.3655649467338617
8861,0.9222917881796031
8864,0.40462914026460145
8865,0.3894105655513511
8869,0.3024640459804686
8873,0.8084598350064951
8880,0.8242942899839214
8884,0.2845694158990356
8888,0.3558089223970109
8889,0.31726949617849476
8891,0.8087176672532477
8893,0.36120487542542323
8897,0.3919207117735287
8905,0.39260506961401
8910,0.7372913472766256
8918,0.37601161349278783
8939,0.3790802147124206
8940,0.34349147255570867
8941,0.3705000769801574
8944,0.3427686687357771
8949,0.3479801036420317
8950,0.3795953027510429
8958,0.8366978693484595
8967,0.7864756622441871
8975,0.7173626236338211
8979,0.3038882669518711
8980,0.37853165300662145
8991,0.3218125733537873
8995,0.30494670525152934
8996,0.3829028964124519
8998,0.775255671160378
9000,0.3381968649155058
9001,0.7221713897303315
9002,0.3962680008929757
9024,0.37058944358154633
9026,0.36676869276327484
9027,0.2882598665726725
9034,0.34329021821829686
9038,0.35445373754759063
9050,0.3943398781406712
9052,0.8422583950742308
9054,0.3699486290435941
9078,0.8986021470124786
9097,0.28175935978638733
9109,0.3475520704234568
9112,0.6306245260091862
9115,0.3401277526041391
9125,0.39093807558711474
9132,0.32815407307001065
9136,0.320939541068444
9139,0.35622493395517524
9140,0.3786638789654072
9142,0.6338117705197445
9143,0.2999336714825356
9147,0.6667113581544996
9159,0.3471746790336865
9165,0.6637248774369768
9172,0.3831454692230203
9177,0.395027945096589
9179,0.33727862673761017
9185,0.38061119923637726
9196,0.9179979173535793
9201,0.3887093527430642
9209,0.3796846317342086
9210,0.6342616363286231
9212,0.2791320881558572
9214,0.41204736619362375
9240,0.9421407620519204
9241,0.3353980371724905
9244,0.3715086625083735
9249,0.35944622335780807
9250,0.7136892983292591
9255,0.3567909587823916
9258,0.5126244853016719
9263,0.32679980752074894
9266,0.5979273013162948
9269,0.34214362261676823
9272,0.3646718511730121
9276,0.7399516007167828
9290,0.3774544612180343
9299,0.34401067039305855
9303,0.3436972138578454
9310,0.11414120445065311
9311,0.30445953828703576
9314,0.30071125234861235
9315,0.8717196650678289
9325,0.29132186467668375
9328,0.5904175798997564
9329,0.3342771063555564
9332,0.9210292869333874
9337,0.5120776596354673
9353,0.8394113969378254
9355,0.39025839848521593
9356,0.37601161349278783
9362,0.766011952184346
9364,0.37601161349278783
9366,0.37601161349278783
9387,0.9350274377551967
9388,0.9458894778893848
9396,0.2909505288993883
9400,0.3133489851790959
9406,0.3815607087707352
9411,0.32341005308181103
9416,0.7335615682462255
9417,0.8033681808523031
9423,0.8033681808523031
9425,0.29380806847212726
9426,0.3886506975546895
9427,0.29684481129644347
9429,0.8033681808523031
9430,0.8120592866317645
9434,0.3284016683854773
9442,0.39025818931775275
9458,0.34380143168657473
9476,0.41054981865085216
9481,0.36079941476920674
9483,0.3944977673724174
9484,0.3945788883884869
9487,0.8004656791461358
9488,0.3501839358499813
9490,0.3559956256550948
9502,0.9357416249564952
9505,0.38495055387193355
9509,0.31327421880650286
9515,0.3854476017443229
9516,0.4151961835960793
9532,0.3558127671400581
9539,0.6534505504554105
9542,0.4237391471029056
9549,0.3704373405249294
9550,0.5841452191202132
9553,0.3316017352210558
9554,0.36011509390242835
9561,0.3384590486941256
9566,0.3517034130443963
9571,0.4028977198569885
9577,0.3615230575549711
9584,0.3867700170262962
9592,0.36341381759963504
9596,0.8036851281373445
9602,0.43452955403687854
9603,0.3183690375029994
9604,0.7170867995944403
9608,0.7170867995944403
9609,0.3927171424479565
9613,0.41573066679980014
9623,0.34751433028644724
9630,0.9505374954769212
9633,0.40732334447177276
9648,0.38068342869433913
9665,0.3892555676949921
9668,0.4062711972707928
9678,0.37139227743941805
9679,0.33570531297332873
9693,0.8018993002196806
9718,0.8120589685550985
9720,0.8120589685550985
9744,0.3533420886373193
9745,0.37047877889041614
9746,0.7791095230580568
9753,0.36050289876553043
9758,0.35025480412995125
9759,0.3298433178051262
9763,0.38885023231278554
9766,0.43050677813571075
9767,0.3554217525174151
9777,0.8302341059058188
9781,0.3622585913455575
9789,0.3691236686167444
9790,0.33378013981014787
9799,0.33387487426510987
9802,0.3972950295676101
9805,0.6749406890413019
9807,0.2528322331657634
9812,0.2909088419392887
9818,0.33247056938867886
9820,0.8078668828124403
9822,0.37791664787612106
9824,0.3498303161996168
9834,0.3498303161996168
9836,0.35815290279082385
9847,0.3150904237540566
9864,0.9203392038329945
9869,0.3695304526545548
9875,0.3902380401128541
9880,0.47452979316650556
9889,0.8071415054628681
9894,0.37660715493373953
9909,0.8162881396988568
9915,0.40529989824121926
9919,0.30296175276943893
9920,0.827478997822787
9940,0.744635371725481
9946,0.6444157986206622
9958,0.7954454830987141
9959,0.3783370978117627
9973,0.7243355380086698
9976,0.35594004166829873
9978,0.39826412392279326
9982,0.38486585379899185
9987,0.3527033619165548
9988,0.29258682077048903
9992,0.36514456189837935
10000,0.10633535638573825
10002,0.7987122664301224
10005,0.377242418478675
10008,0.2909570846631217
10009,0.36245330915621476
10011,0.2767748287633193
10021,0.30968345291649707
10022,0.7536178574164808
10053,0.36110957317927006
10074,0.40790969324173854
10076,0.378331480233996
10090,0.3110399966461541
10092,0.3693914858493661
10099,0.37220685010832677
10102,0.3925084520274877
10103,0.40245257022797654
10106,0.38989708437449433
10108,0.7565381881692886
10113,0.800393759567705
10119,0.36391744852860763
10122,0.31755695515262394
10125,0.34180529999477893
10140,0.3127334983461198
10155,0.36190196452056306
10159,0.3430075387377426
10164,0.36974920785051885
10175,0.3799248099883312
10176,0.7296164814594761
10178,0.27962196704820796
10186,0.3933679880151829
10200,0.33031855919575176
10204,0.3933679880151829
10206,0.3933679880151829
10211,0.3848248277973483
10212,0.36767393612015276
10217,0.3442386805359769
10220,0.39898222743333145
10230,0.39898222743333145
10234,0.33740459872051015
10235,0.37882423164782386
10239,0.36582163942807466
10240,0.3606738337844845
10242,0.35907167494151127
10245,0.3385759815192154
10246,0.6393622285217884
10247,0.3394505536385365
10250,0.3617039889035175
10254,0.8333927838691007
10257,0.401481417965321
10260,0.33731944638707867
10261,0.8333927838691007
10265,0.4129898006754536
10273,0.27407340867078106
10274,0.3776344597208512
10277,0.32710893021615306
10289,0.8848636825814591
10290,0.25650088370041246
10298,0.3872477046894339
10301,0.3797799386228963
10304,0.35971566096671154
10305,0.4023799879884302
10313,0.36155512477960233
10320,0.3823606550482595
10323,0.3752260396991946
10328,0.3115578352668745
10332,0.9475277936649142
10336,0.9475277936649142
10343,0.33954387502020156
10348,0.38969494778795977
10350,0.31525176577490494
10351,0.3332447952177382
10354,0.3443191061022757
10372,0.2929962834407446
10373,0.6572202017316062
10380,0.4035173175856889
10383,0.25043920458512403
10396,0.6788213995381981
10397,0.36369953066774563
10399,0.7724217411977301
10400,0.4858811251151879
10401,0.3254460032611559
10402,0.34611976227415414
10403,0.5618294288611154
10410,0.8623047123190162
10412,0.5387345530964778
10415,0.30364954465205307
10424,0.3856270489606255
10428,0.3229575159277034
10432,0.3496349511584917
10462,0.3662462217850758
10477,0.41713069332354447
10482,0.39433541611435974
10484,0.36663310163640817
10493,0.3678794679007019
10495,0.35896324940413227
10497,0.37097532496089225
10516,0.36922209128394173
10521,0.3566607896375448
10522,0.8467914848166311
10523,0.7694041107569077
10528,0.33939574038410647
10530,0.3197020636487383
10532,0.5487170470329189
10533,0.3151800818761843
10543,0.8856247032180098
10547,0.6061606877434862
10552,0.3528503478339571
10558,0.3079507573789071
10571,0.33418296182965856
10572,0.2876594629946053
10574,0.2796561350895129
10583,0.4784993938646983
10600,0.3283807251278291
10607,0.5777696713714008
10608,0.5942465157147372
10614,0.3351872289045626
10630,0.36923512810437364
10634,0.3654694590705193
10635,0.3524542316859104
10641,0.7682975847136608
10643,0.5513668515290081
10644,0.40753693434479515
10648,0.5687375807708648
10669,0.35399340756813924
10675,0.5215270301805733
10686,0.8212775567734447
10704,0.3841797189635102
10707,0.3701696907422751
10722,0.3803556519283259
10736,0.7164629278050287
10764,0.25181183447484634
10767,0.7884347914027445
10776,0.3495059888432229
10779,0.41740550450162717
10781,0.35485815727411096
10792,0.7217577281169567
10797,0.3746325551596199
10798,0.3604383884526092
10801,0.5784007889262682
10802,0.5241338447855229
10805,0.38482659045655687
10808,0.36578948926855237
10810,0.9042509589363809
10816,0.38293536113362114
10817,0.4034395014221752
10829,0.7098468172952525
10843,0.32820303030008546
10858,0.43146321648398606
10866,0.3424100469919281
10876,0.373692786539664
10887,0.3707695313863546
10891,0.2905617058919293
10896,0.3658027011851571
10900,0.6561355828706461
10905,0.29320296835528736
10907,0.3491479124861231
10917,0.2338048903905259
10936,0.354187363991304
10947,0.33006601668836844
10948,0.7021078863334569
10951,0.33156094524129703
10955,0.29602263660274375
10969,0.42225390842027877
10984,0.40968540680179455
10987,0.3671750328727751
10990,0.3663697433190528
10992,0.36607792929740923
10996,0.38062189686475956
10997,0.4261300335714798
10999,0.3332167086655074
11000,0.7488282393136316
11001,0.38890572435130594
11010,0.3592411793330961
11016,0.3592411793330961
11018,0.8271026034285052
11034,0.9115484623757819
11039,0.37956881911374274
11041,0.3294828730655144
11047,0.3719333281360332
11053,0.5557531990330485
11055,0.25331426444570626
11056,0.38348191408409493
11065,0.335273293428762
11068,0.6128481311158557
11070,0.34951629656986116
11071,0.6273958598258598
11072,0.33287830044096256
11079,0.38265232675861083
11091,0.35343573550386453
11094,0.29988381800324065
11112,0.3662462217850758
11113,0.3662462217850758
11128,0.28449762436069725
11153,0.6853335101464799
11154,0.12354653164367314
11163,0.3757926480496605
11179,0.294021727821493
11181,0.24647225557956592
11206,0.3059302064183943
11216,0.3159599350177039
11221,0.35035345728405215
11223,0.7433805795095945
11228,0.7877024488850672
11235,0.38425462373379005
11237,0.35971566096671154
11244,0.3909668252916815
11256,0.409703071911266
11267,0.38531175916170557
11272,0.7144075759430983
11281,0.3450457258662733
11285,0.3081513116425165
11288,0.41483537591828756
11291,0.35005991054803304
11293,0.37819410908218465
11297,0.3457216856370665
11298,0.3054545114842
11299,0.3234848307500346
11301,0.3663271418861783
11309,0.6960945561423002
11331,0.36765422811212484
11332,0.3893608524077772
11337,0.39222270121637026
11343,0.8029974883864847
11347,0.3883271649711491
11348,0.6983956913488396
11355,0.9298146262470582
11368,0.28693761843285326
11369,0.8131948366658128
11371,0.8078668828124403
11378,0.6609092883568966
11384,0.36446676236332776
11387,0.4114574406689733
11393,0.39134109296935726
11399,0.4162829571781508
11412,0.7497227365280508
11431,0.37223571598478256
11432,0.3644093466534287
11444,0.9096546030768944
11450,0.9525900886674534
11451,0.5876313099487476
11476,0.30930111396057136
11488,0.3545357334600663
11495,0.7537540137046714
11505,0.36244041530052
11508,0.9106555052703398
11518,0.350859319175635
11522,0.44277147962133784
11524,0.350859319175635
11533,0.35082471262446846
11549,0.35082471262446846
11551,0.9573276683272433
11560,0.40072751061199147
11563,0.394821040383949
11565,0.7696271803579604
11567,0.36249273045270625
11569,0.38637803776740864
11598,0.533567128827708
11604,0.7199782179232865
11611,0.38913494936756376
11617,0.5167198528323891
11626,0.3278893610470883
11642,0.39074708826930515
11643,0.3129935474598827
11648,0.2913492045781449
11651,0.3333769030627133
11663,0.3056895738822203
11666,0.4108543679321903
11685,0.3263022205603089
11686,0.5453874640556886
11698,0.2721542226020876
11708,0.3593052459679515
11711,0.37476954597755663
11718,0.3643271229966798
11742,0.41607867602865084
11761,0.7614928792673745
11767,0.3896529362174978
11768,0.37574445170815496
11775,0.5300435380865396
11779,0.39326275783485
11786,0.9360692584047807
11790,0.8021374579069096
11791,0.3953396284623897
11796,0.10175983646534709
11806,0.5617848733895274
11810,0.37151278497582024
11811,0.3369716193283976
11814,0.9507506980513043
11816,0.3472470612943947
11820,0.41346753833323935
11822,0.3447016935732621
11829,0.5099753538025876
11832,0.41189679871413515
11834,0.7508453483996392
11836,0.3670740597048585
11837,0.3173560998498186
11844,0.7944575238439224
11847,0.6840961342261664
11864,0.7007582765717317
11865,0.6626849772426459
11872,0.3632488129308573
11873,0.2955183887282081
11886,0.46277805298601266
11894,0.35442741462702054
11905,0.32442337428225765
11906,0.2434674465619398
11907,0.35197218374442474
11912,0.41344228421336426
11914,0.6763351478378945
11918,0.38407003043508137
11924,0.41917299848916567
11929,0.8999963531792741
11930,0.3665975288386605
11936,0.33324165789144006
11937,0.37846325744315684
11954,0.4214798093263503
11957,0.30856693699354937
11964,0.30183304307368486
11968,0.2229503018935968
11972,0.3809629064068872
11976,0.398872118032863
11979,0.36058901341481925
11981,0.3831244406123008
11983,0.3561344013065967
11989,0.2778798739034526
11991,0.40599299205532835
11998,0.41240047873249464
12003,0.4457620129502252
12007,0.3651074619469348
12011,0.5889132744432065
12014,0.40671194166755087
12024,0.2922479676786581
12033,0.41283136856280167
12034,0.42097058484449723
12041,0.3512458010623083
12046,0.350859319175635
12056,0.32105698307606534
12064,0.33707868669602387
12069,0.29100468483991015
12070,0.3491593175913481
12071,0.3430554423350306
12072,0.2350374512667531
12078,0.32885890107204196
12091,0.6590242148984964
12092,0.26054857830499334
12094,0.272711328344972
12098,0.3014462789302218
12103,0.3551367287730929
12115,0.8044948376160147
12118,0.4046840636710269
12122,0.6393007106360744
12125,0.9296153830782907
12133,0.3476834701432673
12137,0.4047333962557632
12141,0.3495975069608859
12143,0.3297568327842865
12144,0.8151296368466978
12154,0.3623852178266311
12163,0.3571558053371816
12170,0.7446323051545872
12193,0.34665440997296815
12196,0.3735529605633105
12206,0.35160595824546015
12209,0.4136173393472514
12214,0.3561264619503345
12228,0.3130942310253867
12233,0.5795773577715053
12238,0.4136173393472514
12242,0.3622216516147443
12245,0.6642217898282653
12247,0.3214243057798909
12251,0.37495963188377224
12287,0.3606061598350909
12292,0.8525113242187633
12304,0.3846748309093731
12317,0.7717263280481295
12320,0.8061057744222434
12323,0.8100053168964658
12328,0.3847041468130017
12333,0.8100053168964658
12334,0.3693811372037995
12335,0.6924983496490877
12352,0.38936325221439194
12358,0.37008590672677927
12364,0.3593496097569471
12376,0.32694277135063154
12396,0.40894901195336497
12402,0.9485586394436226
12406,0.3924512011102185
12408,0.24374405707153962
12410,0.9478042490276517
12413,0.5616960931983168
12417,0.29298653206274644
12424,0.5484583596594936
12425,0.34021576458673736
12426,0.318263579885111
12430,0.3615360965759987
12432,0.8484337932238243
12433,0.35090224043684426
12451,0.232139538950702
12457,0.5053530210928755
12465,0.3836742383775722
12468,0.5500462083434867
12474,0.3682683877646762
12475,0.3836742383775722
12486,0.39645957287365424
12487,0.5661788596756228
12514,0.3600567277128635
12524,0.9506147331390236
12526,0.34531490425021044
12530,0.31707895906088546
12532,0.10076730373151624
12593,0.3033976889848352
12599,0.3525040484297992
12600,0.37724725586450114
12603,0.38039261290067916
12624,0.95284023789389
12630,0.3655764219816489
12638,0.38325789869936155
12641,0.7318042598270659
12643,0.7649021232722795
12656,0.357955197632219
12666,0.855606425932594
12673,0.8024452745545423
12675,0.29989648660333845
12678,0.8549327295811264
12692,0.09282408081660065
12693,0.8283296123166053
12707,0.3356330169148549
12711,0.7745917075648494
12716,0.30754911726896245
12717,0.7360028273574344
12723,0.3835389323402991
12738,0.39761950025842774
12742,0.3573022460263505
12746,0.37024276690765945
12753,0.36069294095145643
12758,0.4119988980855265
12760,0.3360517851647403
12763,0.3406473706746538
12764,0.33476683404321017
12768,0.40214131298454303
12776,0.3498892938497036
12777,0.38755548032732356
12783,0.8566042797216791
12804,0.31843747211382945
12824,0.39386769408029865
12839,0.37935259119575593
12847,0.3455612367759182
12850,0.9453990332780862
12867,0.8057180113016867
12883,0.3137258142901696
12887,0.3543163221844905
12890,0.32299114635384596
12903,0.6668931525832739
12906,0.39454776897758637
12907,0.24553058550519946
12909,0.2810780058916238
12912,0.30552016228855905
12915,0.2504112881750547
12930,0.7542455114706756
12931,0.542590234365076
12934,0.6627554282199226
12951,0.38887143788245115
12955,0.3554186020525164
12973,0.33939553339593664
12988,0.36334538581675985
12999,0.35483763196645457
13015,0.6862369660663289
13026,0.8637584980678046
13036,0.39503517278829114
13039,0.31479364575348506
13040,0.3056694412524398
13041,0.34453073978444404
13043,0.7273776323805499
13057,0.3351248313319284
13064,0.38612461350168614
13068,0.76872622338031
13069,0.6269741829850721
13073,0.5234148097157904
13079,0.8650401847444332
13086,0.2670614599266379
13089,0.6802789881487961
13093,0.3582339734634044
13097,0.7622299391440401
13098,0.3476541863184521
13105,0.3209175845923265
13107,0.54158429830314
13108,0.40961094569587964
13110,0.40197739008103145
13112,0.7995527458493539
13114,0.3924897981866745
13118,0.4037440641885812
13127,0.3634401450431296
13129,0.3409159128341872
13142,0.9428044946779399
13146,0.36207346950479424
13149,0.36207346950479424
13157,0.35833484679776473
13158,0.8306681138102222
13159,0.7895006627034741
13161,0.35452278058799835
13162,0.37660753861889806
13166,0.36305782337028536
13168,0.3697638035424632
13170,0.9249620110486747
13186,0.5468886584181192
13191,0.34241473713719717
13203,0.377085074733467
13209,0.3165732167404983
13212,0.33829167702721497
13213,0.37619983231647
13222,0.3246832798033477
13229,0.6499097265831231
13234,0.5641330098465811
13257,0.73376305680388
13258,0.3744307055614329
13268,0.30006904285590064
13270,0.3468629040179648
13291,0.3277450551965488
13292,0.6181213201332713
13299,0.3547719125738684
13307,0.96670728087671
13309,0.364115312274304
13311,0.3619152452414993
13312,0.37371502383002964
13322,0.3956275939130306
13324,0.7926243656966228
13330,0.3982304239920944
13338,0.358908252011095
13344,0.696734774230997
13348,0.23818879087892708
13355,0.6609510005480901
13365,0.9349145985798469
13368,0.32669565504943066
13370,0.38656657984376486
13372,0.6032143468460236
13377,0.8388947148853936
13385,0.5096538333316794
13389,0.3544311979738571
13393,0.30098368784218255
13395,0.3567445965798324
13404,0.2854544191486006
13411,0.410990830735651
13416,0.3787566663429976
13434,0.3967546795015747
13435,0.7463854901627516
13445,0.3948508248972961
13446,0.33148627875189385
13451,0.6377139309428272
13462,0.5472629024742954
13464,0.34729210124947296
13466,0.3221702687964064
13471,0.32307993640986915
13472,0.8093391312696012
13477,0.38975442652521186
13481,0.3216078015735211
13484,0.7956697058232983
13490,0.34409586841898293
13492,0.7100415818737548
13500,0.313365953122994
13508,0.41686159157872327
13516,0.3944310081910133
13525,0.38322136858995903
13526,0.4180190180905142
13530,0.6955995582014685
13532,0.36359118803309887
13538,0.4099347676787807
13546,0.39313423606641706
13548,0.418833253637651
13550,0.8118662700436314
13551,0.39182500851353214
13564,0.41675609828820326
13566,0.9033375336525296
13570,0.3918835572950326
13580,0.36755732718917533
13585,0.25824801214491905
13588,0.28308983167344337
13592,0.3568288601228955
13594,0.35156958668136273
13609,0.3385319123106607
13610,0.7778312171477177
13613,0.33577598013722965
13625,0.35555921654008255
13626,0.8017318477995152
13639,0.7281995291919119
13645,0.7650263775239647
13647,0.5541298377293148
13648,0.3204903263444735
13652,0.5508601132670458
13654,0.7336998179081794
13664,0.38575282588606197
13673,0.3594535792129742
13684,0.3172353496889476
13690,0.3377182189420568
13693,0.300811962374
13696,0.3235035858520507
13700,0.7627244473715057
13701,0.34743780049001904
13707,0.5583617596498159
13713,0.2946514914888315
13714,0.35233488536232715
13716,0.5367400702088369
13720,0.32867076448540145
13727,0.33008238770010234
13733,0.3653859895662855
13738,0.2627003890989711
13757,0.3933025107488305
13759,0.734589850731949
13761,0.3495392399509975
13767,0.2856215982114436
13782,0.3675689638291399
13786,0.3789524030828524
13787,0.3863574669623083
13792,0.27898361756753287
13795,0.7867558457286801
13798,0.3601800348044504
13807,0.1216842483829112
13809,0.3439321589497272
13811,0.37317750084635537
13815,0.36638562488418464
13817,0.30277588533625943
13818,0.29084125812850176
13822,0.34353535762950876
13824,0.27975218816607506
13829,0.3289728914436044
13832,0.8901664103218934
13840,0.6397195351897373
13841,0.6089289593204468
13868,0.32596605214117036
13871,0.9322357907206362
13880,0.3589854704936599
13888,0.6682694552884847
13890,0.7302987306111798
13891,0.3498178475711926
13895,0.28786172821028433
13907,0.31408574996397776
13910,0.701519812161438
13912,0.7370120539607823
13913,0.34560600190439583
13923,0.7947778932092253
13929,0.37135685470829316
13936,0.37413225090308766
13946,0.2745935844302456
13950,0.30572673314743537
13951,0.36180636989931525
13954,0.30941848745791023
13958,0.8683593015146656
13969,0.6637172187416693
13980,0.2769850085877421
13981,0.3954766023570555
13986,0.40566438112811987
13987,0.27900345746051247
13989,0.6463034708391433
13992,0.3072702089077842
13994,0.3283317681389748
14001,0.8080243520891022
14002,0.36674040653555084
14004,0.3559831534522444
14006,0.36900638156193133
14012,0.7176927815466683
14021,0.3455215858923887
14024,0.870443482309877
14045,0.3224018358732703
14047,0.7432659936601032
14057,0.36453870216404255
14059,0.32558310600784274
14060,0.39144825546062817
14068,0.27570112808152747
14070,0.5174556023633675
14074,0.530298404029217
14076,0.6173910613121596
14089,0.32974373082769937
14115,0.4554063513570199
14116,0.3422841800304415
14128,0.5698916407418595
14131,0.35933811633201734
14134,0.7051399524608797
14137,0.5127791612717593
14138,0.3764927532803663
14139,0.755758061778511
14152,0.31927950458420923
14153,0.8652632633730122
14155,0.3623897093074061
14156,0.8342270482177552
14164,0.3173960715691899
14165,0.5617008127148241
14171,0.30892264353313426
14174,0.35564455327381583
14181,0.44284029098790767
14186,0.7707978801028768
14192,0.5318531552155535
14201,0.654556174576439
14210,0.6268066561178127
14214,0.299229307297902
14231,0.3611180530475571
14236,0.30202706799458556
14241,0.42288014868397295
14245,0.3559497944927016
14249,0.37382652719613574
14251,0.42288014868397295
14262,0.35571367656770586
14265,0.32413515239400525
14267,0.5570319638225836
14270,0.9501258393942662
14276,0.6463586974381434
14279,0.4592980995924799
14281,0.315757453548258
14289,0.29744700946827135
14290,0.29977950362175065
14293,0.7005052545042552
14295,0.7434742442029609
14297,0.42341470281472954
14298,0.35147067630727086
14310,0.36675791726545415
14312,0.807226549366942
14315,0.807226549366942
14318,0.5489587425913025
14319,0.5597483757241339
14325,0.5945182592909488
14331,0.3635038649537491
14334,0.3103410748896561
14341,0.5469190532752122
14343,0.9089622429594084
14344,0.34847809572074084
14346,0.35517513172391874
14347,0.3480018662127282
14349,0.34759994714383835
14352,0.3116115497993805
14358,0.3461837815137176
14361,0.3638528092871133
14363,0.6685141543668565
14374,0.539829960558325
14376,0.4233646578286139
14381,0.551238951207055
14398,0.4045421712807886
14410,0.3808874824691385
14412,0.4568029805675246
14415,0.4568029805675246
14423,0.5260586702524007
14425,0.37640236587565756
14436,0.3384158470156961
14444,0.3476839005865119
14455,0.7344957045940608
14465,0.3487817606803366
14469,0.3568288601228955
14471,0.31196856534743606
14475,0.3483376845738657
14479,0.39288337465000556
14480,0.35619559016178226
14488,0.5303044101637432
14491,0.7562143102994185
14501,0.36148092200601323
14520,0.7991289186458832
14522,0.5694975253326341
14523,0.31220645818766096
14537,0.7260180524238273
14538,0.5506216087404726
14550,0.33655180242945926
14561,0.35147357097576865
14575,0.3534450558362271
14586,0.39975216422074555
14592,0.3658095152965386
14601,0.77076820314797
14602,0.3884645223062181
14604,0.4140733109364173
14606,0.32406303209723675
14627,0.3413131051764322
14641,0.6800708782065439
14652,0.32043556048249344
14662,0.6320094482359828
14665,0.5505166339857055
14673,0.5169409605233171
14675,0.41001611111485947
14679,0.7799168944448494
14683,0.3699254767294179
14686,0.32135310545841766
14705,0.4088534076780308
14708,0.35566319946138886
14709,0.7140883662681741
14710,0.3404101301085277
14715,0.5096578049431219
14717,0.38028470041789975
14723,0.31712749406990676
14725,0.29430000109710175
14727,0.5624441263369291
14728,0.3372116490111166
14735,0.31637773166800315
14746,0.33369782253723923
14752,0.5049904819165161
14757,0.28360452558801175
14762,0.3483917316286729
14763,0.36445914142617014
14797,0.3816161363217365
14812,0.38696837068025536
14818,0.7600667863016828
14825,0.3784415587800774
14827,0.38627932102754986
14829,0.3531893254916359
14830,0.42694474461667453
14837,0.3650731129205147
14849,0.3383163620625794
14863,0.37855205408799286
14869,0.3757165500631928
14882,0.31724797461960685
14884,0.7006312028635576
14886,0.6878301081092334
14888,0.785472627870032
14890,0.3068618177788533
14904,0.32467529789904015
14938,0.34020251421332776
14952,0.3497572039594271
14958,0.8178868188547381
14963,0.3422243597451921
14979,0.3166752195852563
14980,0.33272514421624244
14986,0.5037801272558164
14988,0.39974959379332886
15003,0.30139205182171014
15006,0.7148856158506549
15009,0.9540246426161885
15015,0.7380850393823655
15024,0.3422600727822708
15030,0.6579308455112248
15036,0.33856726284330163
15038,0.6492162807262134
15039,0.33856726284330163
15047,0.9033105930740345
15049,0.2927081175788558
15056,0.945480157245975
15068,0.33674826641104805
15070,0.3702726304998696
15073,0.312361517651376
15081,0.3389451930038969
15084,0.26027441088087333
15088,0.933443406163098
15092,0.2406124544411442
15095,0.334367443195525
15097,0.3341664145836488
15098,0.32878140520709687
15115,0.6293244643170053
15120,0.8159915593200511
15126,0.3254827526793066
15133,0.4420022145878396
15143,0.3385015436132792
15156,0.4269376952589464
15164,0.1710468591563133
15178,0.44861955909060736
15198,0.7843340170933474
15200,0.5815179412575482
15208,0.09133254668202584
15214,0.28102070664138495
15218,0.8333597897691212
15231,0.3467398154377312
15238,0.3251936805445327
15239,0.34654177622204496
15240,0.39419972998106656
15249,0.31718423062753404
15256,0.3708708170010192
15260,0.5937077773614092
15290,0.32804025783522506
15307,0.9599109603242436
15308,0.7766791038309007
15321,0.7688444542948962
15323,0.646071915136788
15325,0.3194636546101286
15342,0.6393830273536365
15346,0.36071711108174914
15349,0.36209276700349147
15354,0.32886776017888997
15362,0.34039318985791084
15379,0.28936682150775006
15383,0.34005935720973984
15394,0.2633736597638092
15401,0.5387345977759725
15405,0.3480750610061587
15407,0.3645314460061587
15412,0.47342940145163825
15413,0.4940870281239202
15415,0.6034769509822937
15427,0.7154488069378623
15430,0.5974443898395492
15436,0.5541833712561182
15439,0.3059023848433474
15443,0.42919185862664294
15444,0.8102264091779221
15445,0.7356312766938972
15450,0.2768214964935775
15456,0.8022208328877137
15465,0.3242421069043317
15466,0.2501575962942086
15470,0.31600476543490896
15474,0.6470976519039628
15476,0.3721179756659736
15482,0.27358138641112373
15492,0.291178656901464
15510,0.5616820606584012
15519,0.33648885180264587
15523,0.24514960645998116
15535,0.6190718968052084
15561,0.9081880450802073
15564,0.6200278640216133
15566,0.31128020418250235
15579,0.37066067099731465
15580,0.6295056498541012
15581,0.36011133137215046
15587,0.3723426458212486
15589,0.3266779919666774
15591,0.46699954384930936
15597,0.3868644347659353
15620,0.7370347363875761
15627,0.6624111884630584
15636,0.7538504243352548
15653,0.345736233441862
15662,0.9096862764979015
15664,0.34866659823859814
15666,0.5206950284452743
15667,0.2423928141651096
15674,0.5346788220972938
15692,0.33899272101692535
15715,0.3032412724546488
15736,0.5543548437956531
15744,0.7095552788528052
15746,0.2983010908648357
15758,0.35014933681605265
15760,0.2843844054092337
15766,0.31284408822729093
15767,0.3594531847761874
15789,0.7326746300937628
15810,0.3007045593085761
15818,0.32343208046925526
15820,0.31392446606469504
15830,0.4052568332983073
15844,0.2524983427117785
15850,0.27079162559701697
15857,0.3798063313608896
15863,0.9210121802779985
15869,0.3084934274505102
15872,0.35008828428569183
15873,0.5386140599498301
15884,0.25917628614304083
15885,0.7032445027105299
15891,0.8106119292144305
15898,0.3475394517730609
15900,0.2915075438122796
15932,0.31256477942040817
15940,0.2937384230892423
15944,0.2786510133692762
15945,0.3050870398534533
15963,0.6963973925207103
15970,0.34086902530885055
15977,0.3011351900681354
15982,0.313977451564978
15985,0.3553356626509093
15995,0.39324920665035085
16004,0.3115571555986583
16005,0.34921571453078737
16011,0.29944055548725135
16019,0.7159914121040196
16021,0.35191368493680186
16051,0.7474396144668403
16065,0.33962688023005305
16066,0.2772059343070127
16076,0.34921571453078737
16091,0.3593214896383794
16094,0.2559540312243373
16101,0.28238222602795116
16104,0.731541496671732
16113,0.731541496671732
16114,0.5725022282021078
16115,0.731541496671732
16127,0.5640450028170858
16128,0.2839947523918189
16138,0.6712135804491942
16139,0.5587477606012168
16142,0.30654322273438206
16144,0.4965818314796234
16148,0.7221532546103022
16151,0.31923247355919776
16156,0.5182905263064157
16165,0.5048018939915314
16166,0.30282931276597147
16179,0.7441315335841614
16193,0.6191382465746377
16196,0.6254704230005014
16198,0.3452805215016782
16210,0.6219929665647533
16232,0.4233274084858934
16237,0.29320648924269677
16240,0.5340036413261433
16252,0.5611126131602677
16259,0.3434351882152388
16262,0.3462599797092645
16263,0.3451871830705959
16270,0.31304816903441113
16272,0.3077879808380083
16290,0.29915711185974103
16295,0.8995189846744246
16297,0.3574036435956655
16299,0.3404393253884431
16300,0.2890944490194786
16302,0.3427135375908708
16303,0.5164810801001709
16305,0.545106869737942
16309,0.3076574420175019
16312,0.31220410922171654
16320,0.39974959379332886
16326,0.29118605023835
16327,0.3149243874121138
16338,0.3792547403514356
16342,0.3561724506556792
16346,0.5081427637610237
16348,0.335265404157315
16355,0.5420138058002144
16356,0.5567566148120258
16378,0.7719405535248876
16382,0.27262943557737623
16391,0.3401437989078428
16392,0.3590627812369105
16395,0.7375087381110339
16399,0.31209392375957035
16403,0.33070135533171163
16408,0.30856322515445844
16413,0.3764975846008869
16415,0.29459174365539265
16417,0.7045093327327328
16420,0.3879163763477469
16431,0.3286913134453914
16439,0.5664653654320604
16444,0.7345014561873446
16446,0.1047751930396694
16451,0.5558105178851406
16454,0.34249906586788026
16461,0.38726967868055195
16462,0.3872108690484203
16469,0.3518236591038648
16484,0.3522147407484236
16486,0.6927353277379318
16487,0.36416108036548345
16491,0.35564191803183576
16494,0.3300835390952415
16507,0.4152437100730507
16508,0.37026603873379094
16519,0.3484937051103722
16523,0.37110583726886714
16526,0.7762110947975669
16530,0.3708664812300191
16532,0.7529842503233194
16542,0.2955273207141985
16550,0.7193802400336842
16555,0.3617682440193906
16558,0.3159820187112874
16567,0.7550827601351839
16576,0.40046272148259565
16579,0.3342136712279785
16595,0.5713695970902075
16598,0.2877873369969818
16600,0.35357687366090684
16604,0.7993181339598965
16605,0.8110717499162257
16607,0.7483098426944941
16610,0.3584585143668806
16612,0.9314262343865779
16617,0.6559845104466671
16625,0.7021194637796386
16632,0.6148547246469036
16634,0.6153495064580166
16650,0.34338264812774183
16654,0.3467170317887522
16655,0.35029488862271396
16656,0.3008952346272251
16657,0.4631142374675251
16660,0.4693904414065624
16662,0.5910446462359479
16669,0.32602756806220556
16675,0.6616561909194851
16676,0.33183556603842024
16678,0.31590233262698514
16679,0.3599730298513112
16693,0.3396584906551579
16701,0.2711528628031926
16715,0.32273727893628495
16722,0.6905940330496134
16724,0.546551451805659
16727,0.5612887895016552
16735,0.3071708564342474
16741,0.3201828685607926
16752,0.30131473007438964
16758,0.295037617818495
16765,0.30532613223911453
16771,0.4030578227849692
16785,0.23469379383089695
16793,0.5111436015179003
16800,0.3954083354429604
16805,0.30236799832359235
16809,0.25530065202743324
16820,0.48305574623803815
16827,0.49381027965160895
16830,0.4447359675415401
16843,0.9400233148779136
16847,0.33147897426278056
16855,0.7832431236222241
16860,0.7249460584919867
16862,0.718447563279881
16863,0.33391646208355596
16872,0.14657200566314915
16874,0.2713994680485523
16876,0.38684697088451886
16893,0.34287299243223124
16895,0.3388060308697836
16914,0.424749372875469
16917,0.359236869696854
16926,0.33792611467902356
16930,0.4725754154168464
16931,0.32908308283251386
16932,0.34085606022021514
16934,0.28269578129483086
16937,0.34658535068851254
16941,0.33001204967622816
16942,0.9053419028453269
16957,0.33697202880947674
16962,0.5671246679041688
16967,0.5861431210515946
16968,0.7813757157180858
16972,0.3500221143432076
16974,0.34246124236203485
16984,0.3772025235776586
16987,0.3003903777389265
16994,0.7490298214643683
16995,0.5815414235874856
16999,0.33221111329952036
17034,0.5659054784549886
17038,0.3392637963068872
17040,0.24759677782732425
17050,0.31303173223073266
17068,0.339979836228255
17077,0.31635753914927184
17079,0.6562897248806692
17082,0.626123066934466
17085,0.6717258625695043
17087,0.34169508822427275
17099,0.7662212335273066
17105,0.35299738360411004
17108,0.27514387318971006
17110,0.298250975244566
17111,0.3504015418898039
17123,0.4381823956853385
17124,0.37261257779876306
17130,0.566715565633733
17138,0.3775345007204338
17143,0.800807139467328
17157,0.29906710248263846
17160,0.7955177520411669
17166,0.3868253315769462
17167,0.3298052588992013
17179,0.4893967664523404
17180,0.3469319931579487
17189,0.7678055131669397
17197,0.745530563965756
17219,0.5700954696990923
17223,0.27556851188599857
17225,0.7901115607678602
17229,0.8221100405513181
17234,0.36774790113901634
17235,0.2857916051255269
17239,0.3714615841242316
17242,0.31669648488817276
17243,0.35778294963554946
17246,0.5250181974921497
17247,0.2583741528488267
17255,0.23831807131176208
17258,0.46024784963985044
17260,0.44361650354640325
17264,0.5651775069657807
17270,0.3580297409087389
17271,0.36641404318906945
17272,0.37164458266446576
17285,0.3293772626751852
17294,0.3372083001966356
17297,0.39093063007012363
17298,0.6497573388759901
17299,0.38660059082915876
17306,0.2678506292785293
17324,0.3759438093126436
17326,0.3119130389637259
17330,0.40747381722858445
17345,0.33030242573425306
17351,0.7404031425598152
17352,0.27696850347946456
17372,0.26308532474985374
17381,0.7311291799693567
17385,0.602139948609258
17388,0.30072818512595145
17390,0.551773298709637
17392,0.7592149132593603
17399,0.2633805060926439
17404,0.34301238941777956
17407,0.2757844731992744
17408,0.5248868489463138
17416,0.6886834283465892
17418,0.3309538171033884
17434,0.8563849645066499
17438,0.594434468284962
17443,0.830103748627339
17444,0.34947123031993177
17453,0.47353356015499926
17460,0.5074933101336259
17467,0.3572569989871059
17480,0.3573670653808841
17488,0.614857439325302
17490,0.3187284395516471
17493,0.3474073656418082
17498,0.31676741274781584
17503,0.31352093837059103
17513,0.36375369515260647
17520,0.586989430804697
17525,0.5147214665129984
17534,0.333265722896656
17545,0.336040381364088
17553,0.360154402079361
17554,0.3546639851938064
17557,0.3177822668536052
17563,0.5751031728517009
17576,0.36729517919038274
17577,0.38090637410891137
17580,0.6467107458070225
17582,0.3353453917342172
17596,0.37546600929700935
17597,0.34389065127613744
17602,0.7112547372789654
17614,0.6585861961698996
17623,0.4769771983976641
17624,0.6810846870739697
17627,0.6269549770236442
17628,0.3281372762457397
17630,0.31249623578937835
17634,0.9166012360418102
17640,0.3559443059042432
17652,0.38137767756460894
17657,0.28298995830511764
17661,0.2652092166050646
17662,0.34162803038903283
17666,0.32441327641997
17682,0.7677905043203457
17688,0.5280988716484765
17693,0.4696535961771823
17705,0.40150222316210155
17711,0.39839920424531444
17715,0.31909590982984337
17717,0.3359308356662235
17721,0.30866340961692174
17728,0.22517391052019553
17737,0.34187507141531737
17745,0.3638408419841832
17755,0.31957920980114174
17764,0.7620779664755551
17774,0.346594316756221
17785,0.34093392774081954
17786,0.7342686575681161
17789,0.3276494908221266
17802,0.4071130160836317
17810,0.7409848826410751
17819,0.7914826730301197
17825,0.31944563355389843
17828,0.36401782798808685
17833,0.28419031743193085
17841,0.7117348935316951
17842,0.3582055814414249
17844,0.2919874196448413
17849,0.3701953284427033
17855,0.37695741454473386
17857,0.8761674451165973
17861,0.37555792328672366
17863,0.3302500046378357
17868,0.3414107286488161
17876,0.6190395811719835
17882,0.3472634760658774
17885,0.33220787455854683
17893,0.37604704512960047
17894,0.3465158156169556
17902,0.763726602501992
17906,0.3398725031055738
17911,0.4685407776038055
17917,0.3183912619854231
17921,0.3091518247125044
17941,0.3334773016098017
17945,0.32852036577602034
17949,0.27661403045433264
17954,0.3583254944232376
17957,0.36612280069071584
17958,0.7264085901499425
17960,0.3060216297640289
17985,0.673835547198079
18000,0.35848990457704477
18002,0.5954470184341911
18008,0.2529348033823111
18014,0.4516470647915244
18015,0.9448075511870988
18019,0.22287913308244994
18021,0.31929038596451403
18026,0.23300892957750724
18029,0.36542174449165415
18034,0.6505363774326546
18035,0.36131309037200565
18036,0.43376490493071684
18039,0.7413425189019216
18066,0.29946378762915404
18076,0.3531476800501987
18089,0.25758041540388094
18104,0.3399816137935518
18110,0.3597780672016447
18129,0.690398120999263
18131,0.7680205343321609
18133,0.3177085726453846
18136,0.33120694140869167
18148,0.43791730276425284
18152,0.1305916234961643
18167,0.7561957217077504
18177,0.31306696086534425
18178,0.27383373332330724
18183,0.34053685619367186
18194,0.5372600764060986
18197,0.6507161810153361
18213,0.23386387999267583
18214,0.2972838831096022
18221,0.3283913280486418
18227,0.187375939626556
18239,0.8815730831425234
18245,0.34479480686170766
18266,0.2742882145130802
18267,0.4779172472454607
18274,0.34920403106070497
18283,0.28804235538318557
18297,0.27459782630777935
18302,0.2629798726380839
18303,0.6604249375948529
18315,0.3944073868458716
18324,0.29930636421812473
18326,0.6469699558933926
18334,0.3218708838760508
18336,0.3071838682626232
18344,0.313333322831712
18346,0.33225068810435826
18347,0.2665659763025201
18350,0.3464389668776763
18352,0.437691455236428
18364,0.48446034022973405
18366,0.43403514360078255
18373,0.2979280977008797
18391,0.28795067332789004
18393,0.3126710303484645
18395,0.6211940697048717
18400,0.6341216296664743
18408,0.392964730648218
18421,0.5147741002838696
18425,0.6343224442973621
18443,0.28184570488663147
18451,0.2739820911947059
18456,0.3097038198260541
18458,0.6206499131313485
18460,0.23727754995675576
18467,0.3256705394544698
18468,0.330437487370413
18475,0.43104769077951643
18485,0.21359827783842322
18494,0.7201158971478208
18495,0.8884447366243455
18508,0.5594659031310625
18530,0.3619041545139833
18533,0.35094179425762656
18547,0.2767641089606069
18548,0.31053613326664586
18553,0.24209842618523697
18561,0.34311072512620033
18565,0.7934423866644359
18572,0.3044240851509908
18593,0.29754161013457187
18600,0.3037877371542742
18621,0.5731785583552238
18629,0.7130611735397272
18637,0.30629279640069734
18649,0.34248109905848945
18653,0.48918831448113864
18660,0.3311996574744198
18671,0.28040953918442646
18672,0.2545986176285002
18677,0.3195591744819781
18681,0.7854616708050504
18684,0.8918727790465694
18686,0.2815074705564079
18689,0.47043604432906205
18690,0.49200519338118687
18709,0.6051942845789888
18716,0.7973150403283396
18723,0.5761135853135875
18773,0.2827225674841896
18782,0.37530544676131583
18797,0.5741414021356712
18810,0.39176469657679236
18817,0.6195189839571034
18820,0.8142549915536229
18825,0.2772465933580065
18837,0.5780896369619611
18850,0.6525320954777594
18857,0.41344336549769356
18861,0.5897908675559551
18867,0.33582600227539955
18870,0.2496575886242956
18877,0.6506452846607829
18887,0.3627832055957376
18898,0.3029862885835063
18900,0.6076316926118199
18914,0.5714237289457503
18921,0.6163749489043513
18922,0.7212698031712843
18945,0.319131695292558
18947,0.64457977624041
18953,0.45004235546970744
18954,0.29615666579946204
18957,0.5182825090301122
18960,0.6704713068297373
18973,0.3451735509054313
18983,0.4168779876607034
18990,0.27308793512888485
18991,0.23001951629681605
18993,0.29372664423145833
18995,0.29350629120501925
18996,0.27438619369598505
19003,0.2523300151433946
19014,0.3462223469823318
19015,0.3462223469823318
19019,0.6052964916396644
19028,0.3207026701949036
19038,0.4976726658709804
19040,0.40224025954637965
19046,0.3388805087024426
19051,0.2564825184926027
19054,0.9274426880612261
19056,0.3306412524808068
19074,0.30368857849910563
19085,0.6748427207195327
19099,0.8598759117066299
19124,0.3432050935413673
19134,0.5994454391333297
19141,0.3385274687464107
19146,0.5989374688645399
19150,0.291226483539509
19170,0.35733255705112404
19176,0.36155784221458087
19187,0.35878859226763293
19189,0.3566016425213079
19202,0.6372995220806186
19208,0.32684432696937527
19209,0.2945748941534988
19210,0.8346507045442636
19216,0.3574079874232578
19217,0.27068262701744433
19218,0.7086970272244548
19223,0.32819869450891337
19240,0.2836233643062409
19246,0.4251866253349179
19269,0.3533841495000823
19275,0.6937987785042437
19287,0.31594693863598666
19298,0.36370210690070426
19303,0.3388658568712586
19313,0.6299945955738913
19325,0.3036613222841652
19326,0.3174532201294653
19328,0.42562042857573745
19330,0.3684839694096173
19340,0.5208841083352242
19342,0.30557343392828706
19343,0.3514112569357658
19344,0.502242769690685
19363,0.2662538877549936
19364,0.5383626568081432
19371,0.2770306228518925
19376,0.3012954666207469
19377,0.2890876285001151
19381,0.354870328336069
19384,0.45587054727351317
19390,0.3978514900446346
19402,0.32191025340287327
19405,0.29135882621258047
19409,0.24019731163333302
19418,0.6898663216758605
19429,0.6042966134708285
19446,0.5877007968211045
19458,0.6792140443490222
19460,0.7214535403081601
19462,0.7081656538815924
19465,0.3463629489210519
19472,0.3675530449583217
19480,0.3266904932850485
19503,0.7217213290916809
19507,0.5634818815972009
19517,0.34532543992089015
19533,0.32078354677314713
19537,0.22882958422613675
19541,0.31554669730360063
19563,0.2848593339911668
19566,0.7871626075187577
19568,0.6015713437268626
19576,0.3439538716232414
19591,0.304920959703032
19597,0.7634838772328858
19619,0.5058078136502059
19622,0.7544998794626827
19623,0.32221334418943826
19624,0.3171883442229079
19627,0.32546870926972793
19629,0.29416066225759707
19633,0.3165499965091756
19639,0.2114369833198239
19641,0.3095978329987191
19643,0.32315410004062395
19649,0.27969952400403464
19652,0.7490279186212007
19657,0.30930282332194237
19660,0.7109829304343092
19668,0.8794165009380525
19678,0.29032230220057015
19686,0.721149618573146
19690,0.24726178221077255
19694,0.37515663633510654
19695,0.3041463938179656
19702,0.7573911103702229
19712,0.5329778805673919
19720,0.6839518940685314
19735,0.6378717768609089
19739,0.31671941451913865
19740,0.6216137587848409
19743,0.2662802572135966
19750,0.5022878290873318
19752,0.6433887983581853
19754,0.32060201467923477
19762,0.5138159316050963
19770,0.28353733615357163
19775,0.49285147687565706
19777,0.3023788597206197
19782,0.2676798718088313
19783,0.7699858287496493
19786,0.28486152563596223
19805,0.29838224005359265
19808,0.25876999322715477
19819,0.7461869416592363
19821,0.31302618665454607
19827,0.2984570104549432
19830,0.4965287501744117
19832,0.4353102537112138
19833,0.28708909622408546
19834,0.30816947466321204
19843,0.3041640898451514
19844,0.22048568025443138
19846,0.27725492708536026
19847,0.30950079333362723
19850,0.8125423320246359
19851,0.34070944986576396
19861,0.6229781011326707
19873,0.5794772663337624
19878,0.28157250036620196
19886,0.2850756317953639
19892,0.6467390147913827
19901,0.2810709910942206
19902,0.5612010585211598
19920,0.7782851032939899
19921,0.26917691318227566
19922,0.3073474934871341
19929,0.8217625665716201
19932,0.534542693719948
19935,0.31914908216251564
19936,0.5945920693593953
19946,0.7668074673257148
19950,0.5496272122370163
19952,0.5116564014381927
19955,0.462052158498089
19976,0.3373372212603626
19983,0.5987624612438424
19987,0.29675794650088083
19991,0.8063139029940749
19996,0.6619726423595863
20007,0.8054647385396447
20015,0.3654302432377535
20019,0.22655052096775766
20023,0.34373723790266275
20034,0.3514031837163269
20036,0.28309149335391254
20038,0.37025683761313316
20039,0.3661462401156592
20040,0.7427063902553004
20045,0.5686150037856758
20046,0.5787458977302888
20048,0.3641830533289734
20060,0.3528547432954606
20068,0.3406229735362748
20074,0.8350805366963572
20111,0.30570556037574687
20117,0.2583762084663779
20125,0.33412331915215254
20129,0.5922344237237722
20134,0.3362927499026901
20135,0.3448856271256159
20139,0.2901957633065615
20142,0.540490467698713
20147,0.6316235864874138
20154,0.7784408068215288
20157,0.2294152646205509
20169,0.1007997505723069
20179,0.21694333144645533
20202,0.30606822789254684
20207,0.43043286836910544
20215,0.3001396600358613
20216,0.840623794993841
20217,0.7210832667300168
20218,0.6646646061949663
20219,0.5695663786653591
20226,0.3201526632287486
20236,0.3282158671606251
20239,0.25036785456376986
20246,0.3184016608760398
20247,0.2571304538745674
20253,0.5837160945391622
20255,0.27226874294802006
20268,0.34809254525112016
20270,0.8179950395912582
20271,0.3275524045098145
20279,0.44932688950443067
20282,0.5639418391809521
20295,0.292714241070945
20302,0.3247529608971369
20305,0.5073739729189493
20306,0.5166017408286263
20308,0.29356019099904873
20330,0.6186314347677615
20335,0.5751788723033074
20344,0.2656880731303725
20349,0.9091268615948265
20360,0.31384330044038083
20362,0.7044404653353742
20378,0.5134042589680158
20394,0.2556847279205824
20397,0.7101776590039333
20403,0.27939378223229355
20405,0.5927368292111602
20415,0.27984886003123743
20417,0.3016858088519367
20420,0.29945241222610236
20425,0.4630213737697253
20430,0.7073008044325281
20435,0.4370563261859079
20443,0.3993904088118868
20446,0.47939052162689166
20458,0.30634298319312736
20459,0.7443397114271313
20467,0.2656614284000785
20470,0.7913068869356472
20482,0.6930833958211043
20489,0.6442932664775998
20495,0.33833549612989333
20496,0.37799574719647044
20497,0.63589982136423
20505,0.3315176953059602
20509,0.7187394631237616
20535,0.3667796994378453
20539,0.8058289271466168
20544,0.6362416896824805
20547,0.33275734652480093
20556,0.16811847424489051
20557,0.4773090331475771
20575,0.30159858543495566
20577,0.34209782735848154
20596,0.26561450782187
20597,0.35570351349941043
20602,0.3174382756625379
20603,0.351084359084639
20609,0.7258065651841061
20618,0.3173663626404585
20621,0.6504150298721059
20628,0.3671240388106848
20634,0.545391155235121
20637,0.3390034830055716
20641,0.3626650315528001
20642,0.46063894706799186
20647,0.30048107575231486
20655,0.5707870113540872
20656,0.1683618986002131
20661,0.2832279604072772
20664,0.7756238423965434
20674,0.819176810216212
20679,0.637331487424897
20680,0.33543576033047556
20683,0.8612994318905517
20687,0.28498004483851314
20688,0.893853373541472
20695,0.2821071543509655
20696,0.34874664123989596
20699,0.31412258572493285
20701,0.2689710445465908
20702,0.2433001521620699
20704,0.33345090971370595
20721,0.3192780698849038
20725,0.23737789196371528
20731,0.32408479239103644
20741,0.33900484198666425
20742,0.25680485838577316
20753,0.3567824499082401
20756,0.2380878583870354
20769,0.22971126075212084
20771,0.47261859749043567
20774,0.2728045139838817
20777,0.2951969278841249
20781,0.31984641959375815
20797,0.6430661163470819
20808,0.4148550670497797
20810,0.5022259166068928
20820,0.29219849382092566
20823,0.9494606627630657
20829,0.7680184152397825
20832,0.3145819393088185
20833,0.3143668742295398
20837,0.3230613279234953
20838,0.2763539911997722
20839,0.307856315126552
20847,0.30066430421541834
20861,0.3605719279893981
20869,0.9523922461428763
20875,0.2244375397399937
20877,0.5081196539712405
20889,0.304002301169507
20894,0.8165314900145757
20901,0.6134804795190361
20919,0.2892921649125654
20923,0.303507459832171
20935,0.7638690158461343
20937,0.38178778325674545
20939,0.7134450559549126
20940,0.3042276964953041
20943,0.31103874654932817
20946,0.7544223568177744
20950,0.620045964514495
20961,0.8555552027771431
20965,0.33148079585680235
20967,0.5549508846998752
20969,0.29984213252423536
20970,0.36368170252100296
20975,0.5088352073317108
20987,0.6037127362825385
20995,0.6418097147175297
20998,0.7622301634440747
21002,0.24801447410483105
21012,0.8240976880662205
21013,0.6992817432330798
21015,0.3206752197253242
21017,0.2896508952989908
21020,0.22818621114613274
21028,0.23624317728682936
21031,0.2686518164025325
21036,0.2610438165760983
21040,0.2807570172767555
21048,0.5720934671771266
21049,0.2870875170744992
21051,0.42964537762125843
21070,0.2880132965700134
21072,0.4905738828759991
21079,0.5258306802237064
21090,0.4858940595249985
21093,0.3141887818610791
21104,0.17435865711530713
21114,0.34171801409179475
21117,0.32116408634722926
21120,0.3168263254129329
21121,0.29070938341299357
21132,0.26545490595623505
21136,0.42172949074209376
21139,0.4287085766014577
21140,0.2987919061733243
21146,0.557681336983131
21150,0.38740274911455064
21178,0.6425149573283876
21180,0.7346730557687385
21198,0.299016299923174
21203,0.25563599651512253
21210,0.26584920858898364
21218,0.2937074813237594
21220,0.29601799909995025
21222,0.2545201850793321
21228,0.6801509695932164
21236,0.44633931623420053
21239,0.271261530627945
21260,0.24269039382066934
21267,0.24647238429115415
21271,0.2650325433768635
21279,0.19384353965655035
21286,0.22711809878753045
21288,0.30925683044736507
21294,0.49250289649367995
21298,0.30749082424470636
21299,0.5320311118886328
21300,0.7207982118244116
21304,0.3272354448122138
21307,0.25584368912265193
21309,0.2808888745171051
21311,0.2514456199360061
21331,0.27571786062187476
21332,0.86820846793964
21342,0.40816357460430114
21345,0.6246848186057886
21348,0.7206102697274583
21353,0.4140821383195902
21357,0.26982534753634974
21369,0.42145714805406936
21370,0.632752843314941
21371,0.3155671098815991
21373,0.11600471542872424
21385,0.5295589094707116
21392,0.3156354927941428
21401,0.3519455952157404
21403,0.2345976614310738
21406,0.5078857245496404
21413,0.4352204864180082
21414,0.5761432475502702
21416,0.5743534276712235
21423,0.847578519484615
21442,0.2765794386573008
21443,0.2311239203901302
21448,0.28838556335299503
21459,0.49349331817435654
21467,0.2769134409656995
21474,0.4238869629150625
21484,0.644443003379737
21488,0.6564418285824264
21495,0.3092380103988744
21498,0.24386728660084006
21502,0.24304440815723116
21503,0.45743134364871796
21510,0.4379461024038057
21516,0.8167234239764581
21533,0.755406982743385
21535,0.2717133188755384
21539,0.21761319011268365
21541,0.3848795382702314
21544,0.49973905769604426
21554,0.7172573839195495
21569,0.2657997607220992
21572,0.3064914439403481
21578,0.31155894711715526
21580,0.24949711224948196
21584,0.24828043365872887
21589,0.7027796055624946
21595,0.3376922635656239
21598,0.5757393307385437
21599,0.3186894137879188
21606,0.3349378773656604
21623,0.27939601600417285
21639,0.47083616323386435
21641,0.25480474988337753
21645,0.22538636615457913
21647,0.47983454935920383
21648,0.16924595454509506
21657,0.2893917733441901
21671,0.3970108972660076
21673,0.30127624945473747
21678,0.3437198368093939
21696,0.4456010791933135
21699,0.3960079658818464
21700,0.29171036939306755
21703,0.2859627541803137
21710,0.2886233796775972
21721,0.2466409912036282
21727,0.25322535873806507
21728,0.8203590876312081
21731,0.31291201631804655
21741,0.29400444902594813
21744,0.7624846268280517
21748,0.23995136060822125
21753,0.22877410116584346
21756,0.3710973584074547
21763,0.35232696326076507
21767,0.24722321714110615
21772,0.8129034543899022
21774,0.33573132134885353
21775,0.6651158855355515
21780,0.5245455954742395
21787,0.4675852281636012
21805,0.28093884913511313
21828,0.23754442026661327
21831,0.30510852705189834
21837,0.276412272585684
21842,0.3102133407864577
21849,0.29559891249939463
21856,0.33400555132334875
21858,0.2245543493499632
21862,0.18822983353203235
21864,0.22620594223219556
21867,0.28542778283687786
21879,0.30927388404571743
21881,0.3215314422063743
21883,0.32672431539965235
21891,0.46863995522246993
21892,0.2964238877766105
21902,0.1842862761151913
21909,0.25329106054085904
21914,0.23219475750251162
21918,0.2569540482713767
21919,0.27367237581936105
21926,0.21203435891604172
21930,0.47578793709235034
21934,0.4600906274999321
21940,0.24627169203211463
21945,0.21130394767184252
21948,0.745141865677046
21953,0.23847393984870052
21954,0.2513926441404845
21956,0.3805818828300369
21963,0.5976592838603406
21970,0.3942668339671487
21984,0.262654598001662
21997,0.24827214467960554
21999,0.1578402919788798
22001,0.30325933684242123
22002,0.13496092362439538
22010,0.5669996800585058
22013,0.21681508011867534
22022,0.21173725272489904
22024,0.21681508011867534
22028,0.23478542289023974
22029,0.6418516303045086
22045,0.2492365590883329
22049,0.2262409506441652
22064,0.607810992897378
22069,0.4648359482978811
22074,0.23240832203888717
22082,0.21968688077259163
22084,0.22987613429922615
22090,0.5521453838896951
22096,0.6013583342901886
22100,0.280918173164873
22105,0.2838579691038209
22119,0.2585078715051092
22130,0.2381611836673146
22152,0.6360580144179895
22155,0.20549403155055865
22164,0.2317229640780582
22173,0.241237008248012
22194,0.35914728166016774
22209,0.2511100298950296
22217,0.15565507323170386
22220,0.18977660973667104
22222,0.7167616971642672
22244,0.22230730402273724
22245,0.23417495927669268
22250,0.37400625335294546
22256,0.7594739653090532
22261,0.602299856908232
22264,0.20335221641398094
22270,0.41023261082844564
22279,0.7487176636476107
22280,0.2236975851705837
22284,0.19570366658562535
22288,0.3455776687013361
22293,0.3035313764830422
22297,0.9257302195983248
22307,0.3433256161843415
22310,0.2497512102784702
22319,0.6080877354916182
22324,0.23192547521261936
22326,0.13552621321348565
22327,0.26111945925240043
22329,0.28011279951264406
22331,0.6954484649918744
22340,0.5631316273751685
22342,0.6425194803201086
22347,0.3707161253491788
22351,0.23597463103009395
22357,0.25545326951034836
22361,0.2319361859830319
22371,0.2816992006634292
22373,0.40469817664270213
22391,0.4115585583338841
22404,0.733931430015293
22409,0.7073731672200843
22411,0.2969315906630259
22428,0.6567317401322051
22436,0.6189768562563089
22444,0.7036674767346591
22445,0.28449783061860223
22451,0.24996690874821725
22463,0.24720782908410965
22464,0.22070587641003206
22467,0.7804051945857231
22472,0.2368049732072604
22485,0.7873467765759153
22497,0.2514496978727611
22504,0.6160036591646899
22508,0.27797301193338103
22516,0.2255038841368593
22522,0.20665048676236625
22527,0.4218767544561891
22543,0.8278584719713129
22549,0.27405465896396114
22551,0.4107480954382129
22557,0.4776595521490685
22562,0.25992633525631076
22567,0.22450948670784132
22572,0.23898509642174764
22575,0.22463898047416497
22578,0.24806409361683035
22579,0.26510697035277286
22580,0.2530449795961091
22581,0.223382265741423
22591,0.6492397092472616
22593,0.26053977384487786
22597,0.20581012379487895
22600,0.39172498856095544
22602,0.3760604561267529
22603,0.3787339136984351
22616,0.5156562500352488
22617,0.1899504549136623
22622,0.48231170487917674
22623,0.2759716209838512
22624,0.21181720809504262
22628,0.23625195853678543
22640,0.2544693930796113
22641,0.339675839347913
22653,0.5473306271268961
22660,0.2236703212369397
22672,0.5780316959401667
22674,0.26177077304291213
22689,0.4471407480600226
22698,0.3026272973628159
22705,0.6077662840197962
22709,0.7839555895962298
22711,0.22697952064690297
22714,0.7172931163680303
22715,0.2788772127331723
22729,0.4055799565603728
22730,0.3846700275184143
22733,0.265536170403028
22750,0.21379947947166045
22754,0.6339286088493015
22756,0.6951058225696507
22758,0.47080789056199307
22767,0.7474088923782709
22768,0.3695255258884166
22769,0.7311491531881111
22776,0.2611267815134699
22778,0.2274944988532934
22780,0.6042839060465999
22789,0.23116531513418126
22797,0.4768543139105811
22799,0.6317096785108127
22814,0.2075455192689209
22818,0.25594147513662757
22821,0.40015186013317994
22823,0.3672160307463578
22841,0.1764411621975597
22847,0.5618760656133441
22848,0.4333074722557352
22862,0.2579596025857774
22875,0.8490968217104107
22877,0.7869334168065363
22887,0.2324214248886773
22892,0.36764296311347877
22899,0.7173523470393994
22901,0.7432731328970206
22907,0.3994425203897906
22909,0.37639839952680565
22926,0.4278708937881913
22927,0.3551076980151834
22930,0.36616433485087974
22934,0.4511665680663378
22937,0.3743538504803583
22939,0.7652370567947244
22949,0.36868963164632135
22951,0.43267777684874287
22955,0.3720718221037709
22965,0.8411450548204815
22966,0.6906721528822243
22968,0.9269223578056407
22972,0.40687017452870533
22975,0.40687017452870533
22981,0.2993536359373267
22988,0.3315166002846825
22994,0.3972091365303291
22996,0.7328335645835679
23011,0.6189618121642537
23028,0.3339244747508942
23031,0.32940323956002715
23035,0.39856527117376533
23038,0.3153261029791037
23042,0.32692152318037815
23049,0.7391240825361763
23051,0.9623998665761284
23053,0.28830629032451116
23057,0.7309235786985564
23058,0.2362490772153843
23063,0.4528669598790122
23064,0.4313916072744285
23067,0.32891088664911344
23071,0.3828327514094852
23075,0.30376401404945086
23077,0.6959214223017438
23090,0.3560010122624882
23094,0.5015493586387416
23097,0.3581339231649499
23103,0.26830709800638153
23107,0.6576281423097774
23117,0.37692270785617105
23122,0.3279424867116692
23124,0.2658704226153411
23126,0.2845897883384446
23129,0.6591415041918286
23136,0.35350086531118563
23141,0.34807278247373347
23142,0.31749324108520194
23147,0.3590024493560863
23154,0.359089851056844
23159,0.3644602610102884
23165,0.32428648011253625
23171,0.760937186558102
23173,0.1267747177566348
23175,0.34001140760558973
23179,0.9499636473728478
23182,0.7531275976479191
23185,0.3911812981675965
23188,0.40957405488184406
23189,0.42399614098510874
23209,0.33759544804986275
23214,0.35350086531118563
23215,0.38481482162391767
23233,0.3587807595088593
23241,0.331246508876036
23252,0.36825248469099736
23255,0.4545657966720988
23263,0.3447994505864911
23281,0.3102483734705347
23282,0.2825859444625902
23289,0.375271564234931
23292,0.3689903350395048
23296,0.33636603931321196
23297,0.3033618730985609
23301,0.30624911513489794
23302,0.2338935270663476
23304,0.27293887727334554
23309,0.31785711323637833
23312,0.3526561264269391
23316,0.3441096287505392
23321,0.3168212362100775
23342,0.3971137845331205
23344,0.34506980140784904
23350,0.26901027759691964
23367,0.6483826917780793
23368,0.3350209973565711
23374,0.2522935658521362
23387,0.31813352727024446
23389,0.7748574715348577
23399,0.7922982752943244
23403,0.8253846735914485
23406,0.9335579351541687
23414,0.3047554864077465
23415,0.33303488586075225
23419,0.6555105953664309
23436,0.358513208073601
23439,0.7520135773664719
23444,0.44810017699175586
23445,0.44909896990631315
23455,0.2915970966165313
23469,0.34626524027123173
23472,0.2751939200321469
23477,0.44130384917635845
23478,0.6479325610880128
23479,0.2956290736639534
23487,0.4582073931526126
23490,0.34803578889002196
23491,0.7605412560633019
23492,0.1974092352501951
23494,0.29923369219962537
23496,0.254451337158582
23497,0.2870587881078155
23506,0.2243326908205024
23515,0.3408521310652355
23528,0.3329219221388103
23532,0.3906092708392962
23549,0.7860447878717804
23551,0.2508877442303489
23552,0.265270011344713
23555,0.38409231238478514
23556,0.3424962018602487
23564,0.6738914315924078
23583,0.35921681084098767
23592,0.3639577841918977
23597,0.9198164785858443
23601,0.290626951752969
23605,0.658505876651709
23615,0.31462679074750655
23619,0.33618170648547696
23621,0.9233670790053056
23626,0.7015947350774105
23635,0.4156242917692123
23637,0.3500890988373414
23640,0.332668369698237
23646,0.3171228622691544
23655,0.37979129731601213
23672,0.6958777555278759
23673,0.37897601236380873
23682,0.2682946117657167
23683,0.39606316781420947
23699,0.3434625706808285
23704,0.6788737228787056
23707,0.9382519296908488
23713,0.31745946803139247
23714,0.24577361552504923
23716,0.2875354705352148
23718,0.6788737228787056
23721,0.289089742967289
23735,0.3261353460253857
23737,0.3702959681228346
23744,0.3464670091442627
23749,0.6647306475162751
23755,0.336435235278015
23769,0.6567034468889952
23772,0.37249210196625254
23773,0.19527352561408026
23774,0.6783075776991372
23779,0.3627676381787878
23782,0.4451709604271835
23793,0.39223640776324714
23803,0.934960894555306
23828,0.6732601103134904
23833,0.6732601103134904
23834,0.7247806346812748
23844,0.3735957211154462
23845,0.6789961908415196
23852,0.7654000262805722
23855,0.6789961908415196
23867,0.27265283220462844
23872,0.6054983558682783
23874,0.40986273567848597
23880,0.33460278948882427
23886,0.2853518679289942
23898,0.31108717705921024
23900,0.28612607457750927
23903,0.29573928053209764
23907,0.2541270928166932
23908,0.8107077952623074
23912,0.2784222751690685
23916,0.296353001344713
23917,0.35111436479067426
23918,0.40459344124039853
23922,0.35300595560267745
23928,0.27762232297355244
23940,0.6244534100590662
23944,0.621848410489525
23945,0.4190303768748734
23951,0.3222258368373724
23966,0.28782446859611777
23970,0.27895842810351396
23971,0.35419469383835483
23976,0.6506079199275758
23980,0.3138942391712484
23987,0.9136831208741873
23988,0.2880981534920647
23993,0.30227840159017244
23997,0.2963304192171135
23998,0.29299178925178165
23999,0.646040430791557
24010,0.6296296155750752
24015,0.6195743035021026
24023,0.31843918261953774
24033,0.2769812708066127
24046,0.6214835673290756
24060,0.3838245454303373
24062,0.2937772214631128
24065,0.6695687017901605
24070,0.29188522416055107
24071,0.17362726423095234
24073,0.3286138334063974
24079,0.4052202945087161
24082,0.9242568156730602
24084,0.39260158236228804
24089,0.3908553269741764
24094,0.3562616276891959
24100,0.3230271385205285
24105,0.32810179952574225
24106,0.2436340411157899
24108,0.6611511853630521
24111,0.9463130623861078
24120,0.322475195542149
24125,0.6427272016085024
24134,0.6157449354929221
24140,0.21907110318685796
24151,0.3365352626628051
24153,0.24329216743980395
24154,0.3599431860867116
24161,0.4210101387879073
24166,0.3400623934686488
24170,0.6676407518645577
24176,0.27414709212434096
24182,0.6667958288653522
24188,0.34502591146953643
24190,0.33165046665706566
24201,0.9077539465144299
24211,0.8083540689312303
24215,0.6738914315924078
24216,0.9437562164863166
24219,0.22620375564407197
24222,0.6901346220233122
24240,0.9500154823715049
24243,0.36941340608797657
24245,0.33406717650710716
24251,0.3301234646378589
24256,0.9435837249096098
24258,0.259786953675352
24261,0.3665282050556104
24263,0.3429795633789301
24264,0.36993076442213285
24266,0.31712677525189137
24273,0.36293448783752014
24278,0.36217869850197537
24289,0.9266189186404448
24292,0.42137057382143545
24293,0.3820267434050292
24298,0.9266189186404448
24299,0.39931719192802456
24303,0.6920616741883261
24304,0.35437859779740505
24305,0.37901979520347795
24329,0.36315397210381817
24341,0.30764885243012097
24345,0.6966568531355313
24353,0.3325780803598622
24358,0.9473780349798412
24364,0.6774827475575826
24367,0.34748808287034183
24370,0.7068380208348888
24377,0.36561276990398245
24380,0.2753123067109803
24381,0.3027707753611244
24387,0.4035784370450326
24391,0.3666269690768871
24409,0.9266189186404448
24413,0.36521297377568307
24416,0.36769456815051615
24427,0.6384284089370107
24439,0.3533899673480553
24443,0.3770859487090453
24448,0.4021421524461727
24454,0.6864740541574332
24455,0.29962269242410877
24461,0.29137944445086367
24464,0.3564322269218568
24468,0.3231935546019489
24469,0.2918848864437489
24501,0.34593116364481524
24508,0.33855771111258204
24519,0.3592088210016878
24520,0.932815051530839
24538,0.48878147118057386
24540,0.7027643378477326
24550,0.35956983708142
24552,0.261023370890184
24561,0.3601260195686858
24577,0.44891306949481413
24579,0.4200018279637485
24580,0.4101292232107698
24582,0.4207659092195697
24591,0.7593737313045471
24592,0.3758921122538872
24599,0.7730099087363203
24602,0.3494943324840698
24606,0.37437376357937274
24617,0.29022856472813896
24619,0.7657954377674149
24630,0.21310913295120554
24633,0.7914536529516409
24634,0.6054447631709248
24638,0.3554898722909779
24641,0.37684196875216985
24644,0.4157937247850761
24645,0.7914536529516409
24656,0.39720403842754404
24661,0.38984595911734715
24663,0.7102632087353893
24667,0.39369366974500275
24669,0.7102632087353893
24682,0.3927919129602194
24698,0.32221468776332324
24699,0.7122334751476482
24702,0.35493700084428603
24703,0.4172665328505737
24717,0.39329513541267536
24724,0.9571150417861838
24731,0.35728166667690675
24737,0.29042255574121995
24740,0.4026170274934193
24743,0.3169422157326329
24744,0.9545344921095564
24755,0.5335429359181987
24757,0.3859364566198285
24765,0.5335429359181987
24766,0.3818717417507881
24776,0.7058624180384402
24787,0.9376197544182021
24789,0.3652437299257824
24791,0.2528343474306356
24792,0.3339555992223342
24804,0.10974689103251739
24812,0.3919255900323409
24816,0.3536287113406162
24817,0.39118820993495634
24820,0.6766678542345971
24828,0.34569237414783405
24832,0.27599739140150187
24836,0.3479525049710776
24842,0.7126036461186356
24846,0.3064400723242031
24847,0.35335303295290577
24848,0.946964867749434
24851,0.7126036461186356
24855,0.7126036461186356
24856,0.3371514826119849
24871,0.5201150081758207
24874,0.38400973550213857
24877,0.3584185009614179
24889,0.36810109170277494
24897,0.42157445582276354
24899,0.7255610549797827
24908,0.3967620578511766
24913,0.7302330378047508
24923,0.35157482290378583
24933,0.41896771056261173
24971,0.3025464309871764
24973,0.9488318458053452
24993,0.4977101430894347
24998,0.4977101430894347
25000,0.9312575024906531
25001,0.9312575024906531
25002,0.38623624314079646
25003,0.9473780349798412
25009,0.34008202939736754
25024,0.32573159128067664
25026,0.33824515868564997
25027,0.951791372144835
25034,0.2922135893908993
25050,0.3282627526746493
25057,0.3829446747269787
25067,0.8505467804480904
25075,0.4184527752210889
25081,0.4181305933901138
25085,0.4074466701137332
25093,0.37688322264330676
25097,0.3974126426077804
25103,0.40044350941977214
25104,0.7462186917151556
25109,0.37292039073448224
25112,0.7980657690903127
25113,0.33171614878324507
25114,0.3252354269699615
25119,0.2631666185015432
25121,0.31945957687388316
25122,0.8665420004457354
25124,0.6818689408819392
25131,0.34084229302090746
25134,0.7736793166327437
25144,0.33378615439995435
25147,0.7488162988835111
25148,0.46277614037594006
25149,0.3552011289556612
25155,0.46277614037594006
25169,0.7896194585028102
25177,0.7229851980868208
25178,0.37350912863799357
25179,0.36381139964098186
25180,0.7229851980868208
25191,0.6913784245253001
25199,0.3545527141345445
25232,0.3886501000812147
25241,0.3897615465832159
25242,0.7842841056809335
25243,0.3028716306954228
25246,0.3460487971496801
25259,0.697935527798963
25265,0.7046682271082428
25278,0.6892145893914875
25280,0.32323495585165024
25284,0.3911369662688
25286,0.6892145893914875
25288,0.3738801495102271
25318,0.950711476186771
25330,0.6861008154204904
25333,0.3959160866261592
25339,0.3929746047539983
25340,0.6861008154204904
25346,0.37721764463861107
25349,0.7804110855863571
25351,0.36439078961364235
25361,0.7469570903888796
25366,0.40179955305545123
25368,0.9502586825607233
25369,0.3672363388373848
25370,0.3558150404873023
25375,0.1169336733460011
25376,0.6782021961798117
25377,0.37560318651886077
25379,0.38761964556653655
25382,0.49773967697049365
25386,0.49773967697049365
25389,0.49773967697049365
25399,0.3795584102235826
25400,0.9224739471714112
25401,0.6766684279219604
25407,0.28433569448539814
25409,0.2760773478035497
25412,0.47357096401282794
25416,0.30265477952575703
25418,0.3914494987534594
25423,0.376128014312458
25436,0.36337568417552096
25439,0.26484101691659334
25442,0.35521348987903645
25445,0.9286986632925577
25446,0.39110252070907947
25453,0.35236116451571486
25456,0.3433014467087395
25458,0.28010622534323515
25460,0.3634985564498882
25461,0.29157793316434455
25468,0.8552035545545518
25470,0.3682830063649832
25471,0.2838046082756107
25482,0.41779513363075355
25501,0.8193592627931299
25504,0.7127287063114356
25515,0.2965221788187848
25518,0.36549442427638407
25528,0.3815339258798206
25533,0.3490768408836247
25543,0.2841076117252778
25548,0.32854075214172684
25564,0.30511073329441135
25572,0.6782021961798117
25576,0.3412404668576129
25577,0.3558150404873023
25587,0.348942491851451
25591,0.3847457282257116
25596,0.2577162574968181
25598,0.32620691067881585
25617,0.3314649396318505
25618,0.7881199148466189
25620,0.3520492930129058
25623,0.36900293763186554
25626,0.35746711733354386
25628,0.34217803066700436
25633,0.443897155397212
25637,0.40126066898697554
25644,0.2813124936099062
25662,0.368521019615423
25663,0.44026473670831856
25673,0.6410423360533795
25678,0.37032357525005866
25685,0.3814059473467565
25691,0.2831019301004539
25706,0.3799267343140059
25707,0.38102628724466014
25723,0.40148330382397845
25725,0.36746690054139924
25735,0.6910266969280183
25740,0.3971485509538444
25759,0.3862996489621281
25761,0.7747071642701773
25769,0.35964598830499284
25774,0.2704412644440902
25779,0.6430128422350048
25781,0.36278267171706957
25784,0.9059918014462327
25790,0.9483234085311498
25796,0.3576858786194504
25816,0.39469732832974724
25847,0.3102664596996092
25850,0.2980359850154086
25852,0.7349478688991438
25856,0.4104584560943429
25866,0.3927277053457915
25867,0.6786170319610373
25868,0.37908811328395453
25869,0.48891199680309255
25877,0.6137388367056423
25878,0.30442256381438504
25890,0.38580715882772887
25898,0.830282506384324
25899,0.35670807724576437
25906,0.9383881238068024
25907,0.7055776612588149
25915,0.9383881238068024
25932,0.6402420051938984
25939,0.3947670102508975
25946,0.6402420051938984
25951,0.6402420051938984
25959,0.4116818779443857
25961,0.3883669408015388
25964,0.402602409213604
25969,0.36355701793620765
25980,0.3317643132051329
25986,0.33535148674374504
25992,0.3930334629816745
25998,0.364389062915246
26000,0.43921852542239936
26006,0.4185153257838432
26009,0.3603479668394281
26016,0.6473699460660483
26023,0.9596359864396495
26038,0.45415640223092923
26041,0.3020887490120313
26050,0.39017945227087125
26051,0.9513253139547329
26057,0.4240512545272057
26060,0.282206103906011
26062,0.35341354576514916
26067,0.9301906704400505
26068,0.3043657879663423
26072,0.34636601002292483
26074,0.7889759386207493
26075,0.3805852270623945
26081,0.6498241408533312
26108,0.6968322254546514
26112,0.9467201222261044
26113,0.2608682516088668
26115,0.3641681429082356
26122,0.33266378145096676
26139,0.2816054392892991
26162,0.4709849459419781
26165,0.3839249449827107
26173,0.4068581539845974
26177,0.4709849459419781
26179,0.3201836048711111
26184,0.3931248881542919
26190,0.33908190162156293
26204,0.35935729660050114
26205,0.1042106630165423
26212,0.7504985069611787
26215,0.35919491319471586
26227,0.7812274293841968
26232,0.6912477986870136
26237,0.4753917152610396
26246,0.609088711299614
26248,0.6912477986870136
26249,0.41685852083880415
26260,0.35535453015575025
26263,0.29135163428466426
26267,0.8979563876295655
26269,0.38425190392716246
26271,0.700981069279459
26273,0.7211758872976771
26286,0.35535453015575025
26297,0.35950358439770613
26309,0.40894078076166834
26313,0.41364734013415205
26319,0.40581958288670983
26329,0.38331842241467906
26330,0.694620200259636
26333,0.403972993318397
26361,0.8425175454463513
26366,0.6889021153642755
26376,0.8360630684849892
26378,0.567072842048375
26382,0.3542990526950884
26389,0.3780303039396334
26391,0.519288603436826
26401,0.6180169471852676
26415,0.2927562690856756
26419,0.7073802887246308
26421,0.9375234803772713
26422,0.38185545987266156
26423,0.6682168417792687
26424,0.5694170701556596
26441,0.7256577470986292
26442,0.35378639279347973
26446,0.8147387879932916
26447,0.38145405704915913
26448,0.3445936392293403
26451,0.40320375093701144
26459,0.3768038152582911
26465,0.2695022518665853
26476,0.3059728400776413
26481,0.34322950787258155
26487,0.9480161775407596
26501,0.3568902857944759
26513,0.756665995831765
26517,0.34252303114853866
26527,0.8658182254814841
26534,0.756665995831765
26535,0.939582073016607
26545,0.3545045330064077
26550,0.3051386579566681
26558,0.25813020787227137
26571,0.7131248895980224
26573,0.3335280461978024
26575,0.36566714615057755
26578,0.3335280461978024
26583,0.8526936460466286
26590,0.37989359378403986
26593,0.7434076675996488
26602,0.27396490229323667
26606,0.7670955583704724
26613,0.6815140794145865
26615,0.31164570489650667
26618,0.37862481150943506
26628,0.9437216183805699
26630,0.7641168874775777
26635,0.32951311697823543
26645,0.4638744463190526
26648,0.2704363107519422
26651,0.34265395448936153
26660,0.2830168235546743
26663,0.6715244330014096
26664,0.706873094288845
26665,0.7908763947812194
26673,0.6756231540977755
26675,0.34965151374053294
26676,0.3914284616543692
26677,0.36475679567273245
26679,0.3766859859899159
26687,0.48106307446770513
26689,0.5210235135294367
26697,0.3955494122323099
26737,0.7373168657943003
26747,0.9403816183090359
26748,0.4015612118654178
26749,0.3355120705577454
26754,0.9403816183090359
26759,0.40457312944767554
26760,0.6920109330446559
26765,0.3749588629341871
26769,0.34547035510086477
26771,0.38022701708162876
26776,0.40694110526059457
26778,0.41263276454161
26780,0.3594869234524582
26783,0.3939993102242343
26785,0.34677158349868853
26800,0.3427225920690591
26804,0.2902012973449763
26812,0.36155673783824493
26816,0.3293870314967101
26823,0.7139431802605051
26834,0.34018809187578103
26836,0.787311962867353
26841,0.7613900479144307
26845,0.3913902573473285
26849,0.3954568424530315
26854,0.6820378269892748
26858,0.3897346324791463
26860,0.39024135032547674
26866,0.38023710859405024
26871,0.3776378404486605
26873,0.3226906527395244
26905,0.34904879912099807
26907,0.3175876569113829
26920,0.6784373393617211
26924,0.2596784704187608
26930,0.2778817035869312
26942,0.6439240498841141
26944,0.33002635914042305
26949,0.7773087955475504
26952,0.8861478507956124
26956,0.3730610909964873
26973,0.2955231980388921
26977,0.34602297883460686
26993,0.6861032501661231
26997,0.3041804969260704
26999,0.6140961735913895
27021,0.35354706954158455
27023,0.3435592481220367
27025,0.09246837533217316
27027,0.3769633217311201
27032,0.7212903959388945
27034,0.2650786804777645
27036,0.5667505356080458
27045,0.4045780581273276
27050,0.2788568544773351
27051,0.8219900658758421
27055,0.3594717517095821
27056,0.3845193151005641
27060,0.3361315967676442
27061,0.7747496013571075
27066,0.7747496013571075
27070,0.3591248504700142
27073,0.3904216896866042
27077,0.8389225656594282
27085,0.38113766118899317
27086,0.4080613343856412
27099,0.3683649537625304
27105,0.3683649537625304
27109,0.3640066977819332
27125,0.2794114518760056
27135,0.3222240662332758
27139,0.6804554830294096
27140,0.9301420100349386
27141,0.37962854857586037
27142,0.3720972684603667
27144,0.2509523772917239
27148,0.36952229387097135
27154,0.3537627952444481
27162,0.7459688598328489
27175,0.5358724486760131
27176,0.3848141653697949
27178,0.7625129781423206
27197,0.3682781098091915
27204,0.35441724263406504
27205,0.3469784965740713
27206,0.3509514881152882
27207,0.3525046417545348
27216,0.3565234777053145
27230,0.33182049795558566
27234,0.2245958862108037
27241,0.33468194579439875
27249,0.9475985700283536
27251,0.2669216855254865
27252,0.7937399679872201
27256,0.7750795738325421
27257,0.5288860450364931
27263,0.29687736075235494
27268,0.36306249198131535
27269,0.36605351092856425
27276,0.3626824385692954
27279,0.6812304277714499
27288,0.7594627020057065
27295,0.2676746600802706
27299,0.27820305914620663
27302,0.34721370979004973
27304,0.36140934590814355
27316,0.7072567095099466
27318,0.26760227185283747
27330,0.3267448893987873
27333,0.6712851408662874
27335,0.3453768004310329
27339,0.3071144596480872
27341,0.31892477682523795
27342,0.31261401135427747
27345,0.5039091126676152
27347,0.4915046602258966
27354,0.4932656846435117
27361,0.24802188694705402
27375,0.7210244349563948
27387,0.6762249079287626
27390,0.6762249079287626
27392,0.918267179875964
27399,0.2413869337624841
27403,0.30345166161671777
27410,0.47806463242501723
27423,0.29930723931959957
27429,0.299179647037411
27432,0.34585739055016507
27436,0.3259257895100179
27437,0.6236655823648103
27441,0.6120058015964039
27444,0.6004035486151734
27445,0.3111341659775533
27448,0.6367495842495308
27454,0.3397095199018601
27459,0.2823339437501666
27465,0.33944411991609813
27478,0.9438960536546848
27479,0.33398075172962505
27481,0.687258031957346
27483,0.6849738603523006
27486,0.29545092864916067
27498,0.33384069300529
27505,0.34561776797707894
27507,0.32894021277355334
27509,0.31147735597862913
27514,0.3585984122371127
27527,0.782581990606751
27535,0.2613386789158807
27544,0.30318503993893947
27545,0.3721230471010395
27556,0.30700432425833896
27563,0.3417181156752519
27569,0.3442004408702401
27585,0.7386703073645946
27589,0.40846780019263274
27605,0.36717462214197116
27608,0.7923773646420265
27609,0.36421133953481233
27611,0.2560211108509397
27621,0.551650130413554
27626,0.7971973520807356
27629,0.3544290784028141
27645,0.7923773646420265
27651,0.350317769982187
27654,0.33556826723183786
27656,0.8102491658166359
27663,0.8102491658166359
27673,0.27763891432479815
27677,0.28496908266372895
27678,0.3222933111420504
27680,0.3247856077286214
27681,0.33594652907197325
27684,0.3336052647264191
27688,0.30180067189663407
27706,0.33919478313387397
27709,0.33697990007700057
27720,0.3109617561209387
27722,0.32437348616236894
27733,0.7034615930632024
27734,0.6699320191480396
27739,0.35369728421653934
27746,0.36394164684811214
27751,0.8576417903702969
27755,0.35906191243087165
27777,0.5305708903354259
27783,0.3793015700969897
27795,0.34848456423042684
27805,0.3914842598254086
27811,0.33469895364861957
27815,0.3093713495257432
27823,0.36769256669982014
27856,0.34543425629646574
27873,0.38690289957624924
27883,0.3460488524441414
27885,0.8141091754166787
27887,0.883832007071514
27899,0.3632428048258462
27921,0.388327533044747
27924,0.37026843395028997
27927,0.37037127513152474
27929,0.3878709474728058
27932,0.3631416908506856
27943,0.43146321648398606
27945,0.43146321648398606
27952,0.36681247825189356
27957,0.7474679104484286
27960,0.40374260124978534
27966,0.3570812161876994
27968,0.8179921015969509
27980,0.8179921015969509
27984,0.3089902043877928
27994,0.3705911249957104
27995,0.38821246191662173
28002,0.8179921015969509
28004,0.7312822372531034
28006,0.33134796309437864
28028,0.7021889635171122
28042,0.7886330178755282
28043,0.3593403188247422
28055,0.6864589714256404
28061,0.3593403188247422
28063,0.6803974951856648
28077,0.37862029252919227
28090,0.7886330178755282
28093,0.4049862720666566
28095,0.24724548280842776
28096,0.708263673326061
28098,0.8032912305900097
28099,0.3578879643394341
28111,0.3912884872537927
28115,0.34462007033087516
28123,0.3016775346238047
28125,0.3995043333509797
28126,0.7508453483996392
28129,0.7508453483996392
28131,0.36209452761825134
28139,0.368233314573124
28146,0.3414978020316773
28153,0.8098461613656229
28155,0.36759587845753955
28160,0.6646280530017352
28166,0.3566585553142221
28167,0.7854241722518969
28176,0.6626982234837706
28185,0.38666442398202994
28187,0.7977782151242034
28195,0.7977782151242034
28203,0.3571362140312021
28206,0.35984513609139235
28209,0.31514313583812803
28210,0.34537568867300567
28211,0.3628152550233562
28216,0.3905513761474019
28234,0.3724928886851408
28235,0.7977782151242034
28248,0.36518410425229314
28255,0.3315819940162925
28266,0.35515240542405935
28277,0.34762102151493013
28286,0.33823241968709694
28288,0.3493491440057681
28289,0.6727932501888829
28290,0.32755513083162247
28296,0.33853754286617216
28300,0.8481630403990303
28306,0.2710970573405173
28307,0.35385114261340667
28309,0.3395139535781274
28327,0.37346397531775605
28336,0.36271892506904524
28345,0.33126484595838457
28355,0.34696539814190885
28361,0.341738850235888
28362,0.365010283264136
28374,0.31009791319552604
28380,0.7635857050560395
28381,0.5046504284653476
28393,0.3148582931825251
28394,0.3206439584073057
28405,0.3723064362458225
28413,0.33687653414767016
28426,0.7843268773434575
28428,0.8328297077432816
28429,0.7843268773434575
28442,0.35186578934135365
28445,0.3152742381499456
28457,0.949447749518017
28459,0.8252148817991847
28462,0.3489338040883801
28478,0.28779985201870506
28490,0.33727687184764454
28492,0.3301032781922728
28499,0.2973976340587059
28500,0.4659768133028871
28506,0.8141618781311928
28509,0.376674296929208
28513,0.35116101434310265
28516,0.381072909720713
28519,0.955831402284672
28526,0.2964697284530759
28527,0.2747805322374832
28528,0.800246303486631
28533,0.37699677283165156
28547,0.36372256194299557
28551,0.34548770898091125
28563,0.2910557914602965
28566,0.37037514082926215
28568,0.3927698587461093
28580,0.3461473335624663
28589,0.32628109011175943
28590,0.8141618781311928
28606,0.37438722669096436
28613,0.3186484976302325
28615,0.266258004128989
28619,0.30505608531621625
28629,0.6427029277713032
28633,0.37053427199480254
28635,0.7950863516875548
28646,0.28438027730257937
28648,0.7186326776042744
28651,0.37066784745856096
28660,0.7950863516875548
28681,0.382114455708906
28693,0.6064150700749442
28696,0.3562781910392897
28703,0.3623855170097368
28709,0.3756654727128975
28712,0.7687629623951504
28718,0.33455147235019306
28719,0.6554145808838312
28727,0.2688167109135487
28730,0.8321552114913146
28732,0.7302987306111798
28740,0.3444674462200276
28747,0.382114455708906
28752,0.7302987306111798
28757,0.34057802586476
28764,0.3633727465851445
28765,0.7571331200430313
28770,0.7121946292843166
28772,0.789140501563643
28783,0.3875089561814164
28786,0.2963941139818569
28796,0.33694919189945577
28799,0.8246711808886601
28806,0.6738847454196388
28807,0.3282454152414981
28815,0.35693152313443444
28818,0.33734523550390516
28823,0.38250793092458435
28824,0.49913019909685336
28831,0.9049288811250223
28834,0.5465952057746973
28841,0.34844470882808004
28848,0.7446712345008037
28882,0.5021672116129152
28884,0.37513884760615435
28904,0.29102986252914964
28907,0.29339982696527483
28919,0.3069860031265722
28920,0.7116270787663614
28928,0.2541744869948309
28935,0.11803129530585625
28936,0.2875663713214579
28945,0.34480805378197266
28950,0.7783628456468035
28957,0.5508601132670458
28963,0.3743763554932946
28974,0.38575282588606197
28980,0.37612893110878665
28988,0.538361286602016
28999,0.35373515005873013
29001,0.6036440171879577
29004,0.24139316054607368
29006,0.3649492366091829
29012,0.3600843184863578
29018,0.38575282588606197
29027,0.34644145951256283
29030,0.3000429998210143
29032,0.32919579092441503
29039,0.2974619183766819
29043,0.3242421069043317
29056,0.7461277564475667
29064,0.7356312766938972
29068,0.2645045496316791
29069,0.26593202497499857
29074,0.2336704934277096
29076,0.31857288314829224
29085,0.2784899999343471
29088,0.7342969526438162
29091,0.3270925973372587
29092,0.7089441939685601
29093,0.3272585632466469
29094,0.5096167400078688
29108,0.7342969526438162
29114,0.26769102138315143
29115,0.27237179263362576
29118,0.2439182608402786
29125,0.3099907382957483
29127,0.7356312766938972
29150,0.28833735296211327
29152,0.2772797088693846
29155,0.7324798814654948
29165,0.2720310296496138
29167,0.32804025783522506
29174,0.32804025783522506
29180,0.33253284394474647
29185,0.31634182795893184
29190,0.30554226682683744
29192,0.9553224190680303
29194,0.33757404022227244
29220,0.3474101251773509
29231,0.500051618341725
29237,0.5502845218881669
29240,0.5185747650922743
29247,0.36755154189590905
29256,0.33206129060873335
29275,0.4006617570179438
29278,0.40260435162327596
29280,0.7560437616377244
29286,0.3969994948500414
29288,0.6422370190297126
29305,0.6262462202207124
29327,0.4568946048603326
29329,0.7916522701753694
29333,0.3731326065616099
29335,0.3911544525739865
29342,0.951953604185759
29344,0.384828342560563
29353,0.38468073783343526
29358,0.3534117251895399
29373,0.3743171408080336
29392,0.32853012633918266
29393,0.6462233593398772
29395,0.9277220795759122
29403,0.7529183851213481
29405,0.6095323887425583
29410,0.31864924386348004
29423,0.32816470994061964
29427,0.739099321041049
29429,0.3076514193089744
29432,0.3147364205080958
29440,0.6442541881433628
29447,0.31552462380387014
29448,0.29151208981939036
29452,0.6189014701803572
29455,0.2872921778032783
29461,0.26446373651376487
29466,0.29603902465476273
29474,0.284731678093109
29476,0.3168867557010636
29486,0.5463126979855448
29494,0.31701624380387017
29497,0.5498473082735251
29505,0.2751993295615953
29511,0.7395270653907399
29516,0.656852177752119
29522,0.28395737429676277
29523,0.20949899569481564
29524,0.19893768935360726
29529,0.20956614218593245
29533,0.34275206200127994
29535,0.3009365168225191
29548,0.28195989087657275
29551,0.35669610905573246
29563,0.2982381677274139
29574,0.3561795769205829
29575,0.3236197032088136
29592,0.3503495519148152
29599,0.5162653164390336
29608,0.2566697398103246
29613,0.5164503930493345
29620,0.38573789734597563
29630,0.7879471614178561
29637,0.3131954420471721
29638,0.3307026414609293
29643,0.3261380950010083
29648,0.33690505469112725
29657,0.35546003114961655
29659,0.3312718611645422
29662,0.37105751717871704
29665,0.34084445105384126
29699,0.8282899698665447
29706,0.6115939586159843
29715,0.3393419271933761
29716,0.35173558190186877
29717,0.3310984886125593
29721,0.3464029199563296
29731,0.3443433380403743
29735,0.29416195919183963
29739,0.5685039356891171
29742,0.6097082574652026
29747,0.9184613151189195
29749,0.6096377275521727
29754,0.9334514582870761
29773,0.38904843988376686
29777,0.5595978213010548
29779,0.3467569420705545
29783,0.3200200235165802
29786,0.3586089399198862
29805,0.6881904707813153
29811,0.45166195276869436
29812,0.4987035384282082
29815,0.6002052053369111
29819,0.31216738623440043
29833,0.28223639648721127
29847,0.3392941473530825
29854,0.6833145214877234
29856,0.390315969032925
29859,0.3598114733927197
29864,0.3721255081634955
29865,0.34983013150695463
29867,0.3299470056936809
29885,0.45247693495843644
29894,0.39547921536710395
29900,0.3413825823196885
29910,0.5412281526000474
29928,0.3181843160733612
29942,0.31168428210496735
29951,0.36130882849644896
29953,0.41865492554676453
29962,0.2643913346756628
29968,0.31912264071004837
29974,0.8062400860476588
29980,0.7648322018702554
29987,0.30854328281932003
29993,0.6600963035305211
30001,0.6793593343421536
30005,0.6404305932770811
30015,0.31494729107336117
30034,0.23944821747072556
30041,0.3329887663647929
30044,0.39999793654392524
30058,0.3309916821515047
30061,0.29483532832229825
30064,0.29483532832229825
30065,0.36419582192256994
30069,0.31678357550348657
30074,0.3570546828001549
30076,0.2718433547570598
30080,0.28415838128439064
30086,0.757860393562974
30087,0.31353423860756024
30092,0.28235394949892956
30093,0.6536173543962374
30096,0.3212101678859239
30097,0.6536173543962374
30098,0.2948466289729903
30102,0.6054983558682783
30106,0.3846062353507626
30110,0.6148566621230434
30111,0.9246011032436008
30122,0.34211603264639345
30128,0.3879794457239041
30130,0.6343657157338837
30131,0.35781558424226334
30132,0.33708495797841076
30135,0.3731732474567344
30137,0.7748574715348577
30157,0.6901346220233122
30158,0.7236589113987427
30162,0.2820438831207204
30170,0.701010093072765
30174,0.31821020036705533
30195,0.6489927151324649
30196,0.39674818702836356
30204,0.3448766864582688
30207,0.7972757562029004
30209,0.6489927151324649
30212,0.38511375179475893
30221,0.32704150714868935
30225,0.6489927151324649
30229,0.341782270667696
30231,0.3858272794175988
30233,0.3592737489451364
30237,0.42492149239936516
30239,0.6000033305016548
30242,0.4350476273227384
30244,0.3665154557724233
30249,0.3677264496498872
30262,0.3706858011245125
30286,0.3475599635619626
30292,0.34424584816203907
30303,0.37110761183809005
30320,0.3228525541608468
30322,0.37832653496511603
30355,0.41935732444465174
30356,0.34762604358329907
30372,0.4070746051659466
30375,0.345529845806663
30379,0.43500577460385603
30384,0.41424375213110154
30386,0.39483992250706046
30394,0.418247259039076
30395,0.32604762543511356
30396,0.40194369024495447
30397,0.4053983523105229
30402,0.3851521396692375
30413,0.3004316679648442
30416,0.4346193190079656
30420,0.2841667601409114
30422,0.7464620651696277
30432,0.39804464145833335
30434,0.3926995642492651
30438,0.402254972086749
30444,0.3111973067184179
30446,0.48761308351990335
30455,0.4126208281607232
30457,0.411064024529724
30459,0.4230762192560673
30463,0.5173510064881193
30468,0.41446671059674156
30477,0.39245012270079965
30478,0.38461357865288365
30481,0.39772371720187516
30482,0.37082682651456966
30487,0.359529028167771
30491,0.39133685952672426
30496,0.7046682271082428
30501,0.3169972823366185
30506,0.29025726720355804
30511,0.4055490534413732
30513,0.4356671318634153
30516,0.35100699372795585
30520,0.3819898602047372
30531,0.4023375554251438
30542,0.7534060426390277
30555,0.4061237349763962
30557,0.3885073769144455
30568,0.4221180851428652
30570,0.9357018464690496
30584,0.4051885692156077
30594,0.6922350186631847
30614,0.333585573755113
30617,0.36892655855360634
30618,0.7412750980048156
30631,0.3831738695198601
30632,0.35422168757079564
30634,0.6978675000851112
30636,0.24962606897953088
30637,0.24962606897953088
30639,0.3474119264167487
30647,0.36790964646528557
30649,0.31131184590993155
30656,0.35532858346080415
30660,0.3380033664020079
30665,0.31838945728292245
30669,0.3531273952000833
30681,0.26958549439856594
30683,0.6996737771568574
30687,0.75219320973135
30694,0.26958549439856594
