shot_id,shot_made_flag
1,0.3861152464142554
8,0.38450871334010384
17,0.720458792252047
20,0.720458792252047
33,0.37651641360131366
34,0.4004814697401136
35,0.36515733365023595
36,0.3720541662487416
37,0.7875927133312115
38,0.3764133586759174
45,0.3826093941809224
50,0.3835083504793794
55,0.26625546391518556
60,0.3056177451073009
66,0.3259582794956424
67,0.3438200812164266
71,0.354745301214334
80,0.32149840480152253
85,0.3496677579840171
86,0.5648332104702843
95,0.5640466236835597
104,0.36106229040506294
113,0.36290817226724226
123,0.3196591817232143
126,0.7912105178329154
133,0.5299521843069391
141,0.30479936332131574
144,0.3603110867796548
150,0.6915022985606722
152,0.36042047383569337
153,0.6915022985606722
156,0.3747558917071577
159,0.8933030811340635
165,0.6532541488327851
172,0.39889360940215335
182,0.8937359822369333
192,0.389070093099189
193,0.7011286490958163
196,0.39033922187477244
202,0.3910295124862817
210,0.3027396372867318
211,0.39574213728692076
228,0.9049988193379481
257,0.36833668720380985
260,0.36833668720380985
264,0.35951535646595945
267,0.7237032907420012
279,0.8873558989773567
282,0.40591083002056577
293,0.40033200374511413
299,0.8013136974512999
300,0.6589824200957383
301,0.7100432986224317
317,0.33698445741168886
327,0.38690881162942703
328,0.35635197969537963
335,0.2953877708663938
346,0.774239936827704
348,0.30477547331349597
365,0.3654470529798894
390,0.6924467117989752
391,0.6924467117989752
392,0.7866124457725351
397,0.3522676994227456
418,0.3669636274048293
428,0.3820541503326713
434,0.6209110177080192
439,0.5248605854584859
440,0.3987915529419619
456,0.3233631566831427
459,0.31891533533130534
472,0.36268225282557964
480,0.28366308047285343
491,0.34117483419878125
497,0.3333417964276705
509,0.3371329618870176
511,0.32972293293684896
523,0.34070846519439646
533,0.3876909075181246
544,0.5147078605220792
546,0.3920291139607465
555,0.7033388973740273
558,0.3405936236248997
560,0.32813870343397605
573,0.31183751810684623
591,0.4097076867823016
596,0.36087573353768676
597,0.3840138340783906
601,0.6325763829519494
605,0.35518124019723385
617,0.3469696916929399
628,0.3482540316058992
634,0.33500234659663464
646,0.31971663830784436
649,0.3548029722963408
651,0.6584466116692436
654,0.8216676502092187
656,0.4810273852872664
657,0.4040003157169793
669,0.37266146457530064
670,0.8725831084270113
693,0.7250093184869398
694,0.31263200834352706
699,0.3868652107908634
711,0.38640204594284805
718,0.38052905595222086
722,0.3820312795464257
723,0.3102160878219267
725,0.6612553488963044
734,0.3238248078710621
735,0.37281905564085144
737,0.7681329710535827
746,0.3126599173697397
747,0.7324966448256953
766,0.3212528458830061
767,0.3353207280395324
771,0.29256595052599405
773,0.28033257024763736
774,0.4173691744154871
783,0.32036570318001334
784,0.342286554174984
789,0.3143014372060165
792,0.35978686635804485
804,0.338207510947712
809,0.34711986862587135
812,0.34706361073173586
813,0.34951434162637374
817,0.34681388071633074
820,0.343656467582855
825,0.35622438325460676
826,0.3504601337207742
829,0.3451622505309671
855,0.36278639347891334
859,0.6898976721709913
862,0.36531500506305636
870,0.34266524564519146
876,0.31016378541147355
880,0.34349616974523783
886,0.9027325931352944
889,0.819210256305616
891,0.34839223916575235
897,0.9027325931352944
902,0.3359545142828588
903,0.36766077082817417
908,0.3604541365637306
909,0.35679271921059674
920,0.3621532061000059
922,0.36913295239151955
924,0.6685845033191656
932,0.344000505836335
934,0.3479795040411765
937,0.36433302911458104
941,0.38126471434835163
943,0.3826913203109232
950,0.3843367490803407
952,0.36128776737800383
954,0.9092504403460873
963,0.38166838012049054
975,0.3549479844997717
979,0.36248031654874596
981,0.3626673932631633
983,0.37019957077603804
985,0.639620023301555
989,0.5919867810365459
995,0.3456779320767555
998,0.40821928984180794
1008,0.31365638020630654
1019,0.5789019900920304
1023,0.36488022414042864
1026,0.3636816892175252
1029,0.6957484767818035
1034,0.8190166863347691
1036,0.6720611788016345
1038,0.33246774773206944
1039,0.6861471246742791
1051,0.3637027800592258
1052,0.3097855303978549
1066,0.32902934025560954
1087,0.28818891378685424
1092,0.35646895800078915
1094,0.6099685998421048
1098,0.36289549569381985
1099,0.26969569313706326
1102,0.33955141937002015
1118,0.33708728674588384
1131,0.3248832178945294
1133,0.6557414569016788
1135,0.8225882635827171
1138,0.47969800372943455
1139,0.8010306143274605
1142,0.3605008774052052
1151,0.31862398291474225
1152,0.32483258793444986
1155,0.6818280986658145
1165,0.32421020432617625
1167,0.8502224653520073
1172,0.36053049062529485
1174,0.6920145865227253
1180,0.4810273852872664
1200,0.40312118617497134
1202,0.3874792540230339
1227,0.6584283210482448
1228,0.753762800728052
1229,0.38003566501083197
1237,0.37457315241672506
1241,0.33699843712530264
1256,0.3705071838407394
1279,0.3655837332183945
1293,0.37557038455340536
1295,0.32906814936009304
1319,0.6491536835585372
1320,0.35545230602045347
1321,0.787191804501505
1322,0.7740753864185389
1334,0.35723708703949364
1351,0.7641266103519999
1373,0.3078906358869586
1375,0.30606203433662427
1380,0.5500659672060746
1382,0.558303360952345
1385,0.3532919658064156
1399,0.3547547519671375
1403,0.8583084426690589
1428,0.2956280192036476
1434,0.3198553602106416
1444,0.9061915543765335
1448,0.35505176451900866
1466,0.8085509379715501
1476,0.3634702095094868
1478,0.3742850433207871
1485,0.3793497866124389
1491,0.7033887537485852
1494,0.7025584138488608
1500,0.36949392047279966
1501,0.6762691920057058
1503,0.3611706947180602
1519,0.6247475246763984
1524,0.3224493962999398
1529,0.7439245660433033
1533,0.6523095863150505
1538,0.8773669067961951
1539,0.34489663234039536
1546,0.3830466226532103
1555,0.34834550593558666
1559,0.3421711709072685
1563,0.6924510488591588
1565,0.7171685695171226
1574,0.33384167251960506
1591,0.3341550643159728
1594,0.26735388940552884
1605,0.29809281793124087
1611,0.35894046523947226
1614,0.35661127157327005
1620,0.3455656969588021
1626,0.3415331317064862
1630,0.35280097693241164
1632,0.3333159099562307
1634,0.3259810122699403
1643,0.3456830567985431
1651,0.4064518686136429
1655,0.3750957888529753
1658,0.3749233991839155
1659,0.3974312427684982
1665,0.49789733125031455
1675,0.3267606026179085
1680,0.6865941826080374
1690,0.4022509553652785
1696,0.3739926634207781
1714,0.3111675685957325
1721,0.38887690470145747
1726,0.3539945826083964
1728,0.3608248997185238
1734,0.3487020520730103
1735,0.34581655293609714
1740,0.31945929636341197
1744,0.7476221673368691
1747,0.2978761771835027
1752,0.2133861252608555
1763,0.753483479482088
1765,0.753483479482088
1769,0.3615484323233286
1785,0.7044313672512962
1787,0.359360869985488
1788,0.36464976953591877
1793,0.32077887513643766
1800,0.36079646256329617
1825,0.4017774359404566
1826,0.6924825660893118
1834,0.3812275791837997
1843,0.39458490909071436
1844,0.4021690740340647
1848,0.31067346481701974
1849,0.3468698484324966
1860,0.3468698484324966
1863,0.3468698484324966
1875,0.6914847064692478
1883,0.36671611333775206
1890,0.38174856212201724
1892,0.37351013913490044
1893,0.38513180947713754
1897,0.3291223602131594
1905,0.3509477573465081
1908,0.5246505748362482
1931,0.3355754274369653
1940,0.8632179526291388
1943,0.3467850044299757
1947,0.2317505990272199
1965,0.7799856996449789
1967,0.391850176303736
1968,0.38987262079720914
1972,0.7608438678384506
1982,0.3776365107087829
1985,0.37887306185868486
2005,0.7634280636360095
2010,0.7539749809824963
2021,0.34143446455674137
2024,0.7381362038345366
2036,0.4014584915024229
2043,0.6286604813001153
2047,0.5775201495868786
2049,0.3950282238447041
2055,0.393191172125266
2065,0.36575171209003987
2066,0.29117401093777096
2070,0.37222170456740794
2077,0.8817285658241759
2085,0.6259021814590912
2095,0.5580233696807221
2097,0.7282352064556019
2108,0.33342740031047413
2112,0.7465491573467875
2113,0.6967322926206535
2122,0.32513302469317734
2139,0.34099818622771394
2144,0.5951761518093329
2146,0.33869835447929075
2148,0.34222911576418025
2149,0.7333325325135538
2157,0.3308987790264175
2159,0.3397757925654542
2168,0.34534890897453324
2176,0.43457043508603677
2178,0.5545487095774557
2181,0.32884342763518865
2187,0.7720682254489472
2188,0.2965770026887516
2190,0.2761453607739347
2194,0.338656930628988
2197,0.31279620302833966
2214,0.332475007763219
2217,0.3077119197233208
2222,0.34624467205651854
2223,0.2916209146608473
2226,0.3146868298306588
2230,0.712357537683564
2240,0.3247020740587451
2247,0.37668580458901624
2250,0.4672771668620825
2259,0.5490018179245889
2262,0.3542230224014297
2266,0.3503923434521772
2305,0.38165340849911683
2310,0.38806665288791725
2313,0.2857784699248988
2319,0.7958746286357962
2320,0.7503501181451774
2345,0.32716681509250367
2350,0.8183041305838641
2356,0.3550184419107059
2360,0.5849694897191361
2370,0.35602485004209833
2386,0.3551749133388945
2398,0.3115885287980967
2414,0.7105193687679098
2435,0.7753580037672215
2439,0.32559432224544754
2446,0.7753580037672215
2458,0.30601607860269703
2465,0.3072511329514417
2466,0.35548694711658596
2470,0.31024266052298305
2495,0.7902581015353197
2501,0.41735712754474796
2507,0.3013084939726607
2533,0.19539406763194112
2537,0.3176809020147616
2538,0.2867115211849638
2541,0.2103283236176193
2542,0.7534741451132448
2544,0.7815693350786023
2554,0.24010556040136755
2555,0.21327763696480767
2565,0.5739597241990123
2575,0.676738081315411
2586,0.4317717568251
2588,0.3526216267375409
2594,0.6311222899712257
2617,0.4061395238272744
2618,0.399791623981013
2623,0.8605452509695608
2631,0.539964967858911
2640,0.28407215057015817
2642,0.6832290197836917
2647,0.3542555786579869
2663,0.3411439936276741
2664,0.3405058232713712
2676,0.3608262958267901
2680,0.8998196436816525
2681,0.3711320052069582
2691,0.3430213716405367
2693,0.34674324279405805
2695,0.3830466226532103
2704,0.3427835673108202
2708,0.23974140806279903
2709,0.8960469897788872
2717,0.702967896507308
2722,0.36556836997502384
2728,0.336647824766092
2732,0.7606561286636044
2743,0.3208742760716758
2752,0.3221904980080401
2757,0.7076088611862984
2761,0.34248968054016155
2769,0.295184659226753
2771,0.34248968054016155
2774,0.3837773226394035
2776,0.35090294023922214
2781,0.315587082946896
2793,0.36178257951869847
2799,0.36300400133227434
2803,0.3684646341558223
2811,0.3523801724019647
2818,0.3535264663027304
2824,0.5607993456607566
2828,0.7736937735255613
2829,0.32409862998947225
2830,0.3611113420515151
2842,0.7736937735255613
2847,0.7042074331119568
2848,0.381969979718494
2868,0.32001522280433103
2870,0.2792862320424349
2885,0.38294337449472826
2886,0.3855015186085704
2889,0.6402681504444392
2903,0.3782514008714164
2904,0.7126562391960449
2918,0.796535670187803
2919,0.34439924024557683
2922,0.35058565228727034
2923,0.3252021288569052
2931,0.2972424387396826
2945,0.30748250559435714
2955,0.32914100474656677
2957,0.6219363572905867
2960,0.6519983673037519
2963,0.33469924659699085
2966,0.7703674795840371
2972,0.6142194563177209
2974,0.3538874497882894
2982,0.3296855727317919
2984,0.6294705820884874
3016,0.43578525262919426
3021,0.3464482090852769
3023,0.7893829359208698
3025,0.36567538033472136
3029,0.2762096502404541
3034,0.7650380035151915
3038,0.31087829599651595
3040,0.3658676475811652
3051,0.7717489094811961
3062,0.3798227078665533
3069,0.38378706747415114
3071,0.39582148890245067
3076,0.8842121258276332
3079,0.29603342446291214
3081,0.29342533875121307
3082,0.35564982849884885
3084,0.7147738258032856
3098,0.32674896686264326
3104,0.36747177229450695
3105,0.3827859034361169
3114,0.7674296040114129
3118,0.36130338380869503
3122,0.2987937978487276
3132,0.308112784636103
3138,0.3936441550660614
3141,0.42606544187711404
3156,0.7696174088169305
3162,0.7542016538838696
3167,0.36829418335553227
3170,0.4006798262320179
3171,0.37522820324618344
3172,0.3789154909731297
3176,0.9050344204586255
3180,0.37758056961002595
3189,0.3026156988991154
3198,0.34953575756499916
3206,0.3300017968201952
3215,0.3142359965139856
3222,0.7805686499029636
3228,0.31027344341813806
3229,0.31291710367973014
3232,0.3139368822201457
3233,0.2857185110376615
3238,0.31473138297146547
3256,0.49517863926167516
3264,0.5830825724948889
3273,0.3555678326796306
3275,0.7177050801786159
3285,0.47498283730845975
3289,0.29058996087068534
3294,0.3309616696573918
3306,0.3798166965060774
3311,0.7668014793738199
3318,0.3473978083886272
3322,0.6412623305774705
3324,0.3447029594162313
3334,0.6198379650535414
3341,0.36676306438705364
3345,0.3112030090334449
3346,0.9119203874802684
3352,0.30354480461638783
3368,0.3440958961257775
3371,0.35137255528377476
3372,0.37071557437275776
3375,0.3839944050988825
3384,0.353990229789601
3387,0.35081292017690757
3393,0.35159591558572467
3406,0.3508239393384541
3411,0.5418277380152414
3412,0.6146721437235143
3414,0.49297737389441193
3417,0.6680347230547985
3420,0.7778369537103279
3423,0.7778369537103279
3436,0.31303558710259344
3438,0.7454284391471376
3442,0.21192749639426905
3443,0.3724309078689407
3451,0.3218954640296605
3461,0.348664613680683
3489,0.34938769468057057
3491,0.47776014489346913
3510,0.647449289880491
3515,0.5051480146539632
3527,0.33642320063725584
3530,0.3552041853636224
3540,0.3583837283027577
3582,0.34574885411965134
3604,0.3410676161771878
3605,0.2946499934880352
3609,0.38483906119540756
3624,0.339278394512403
3628,0.7543080036481661
3630,0.2802905699569786
3641,0.30999350225684347
3642,0.30481106798282553
3648,0.32037204227139204
3650,0.910404075932268
3652,0.8845227478924809
3660,0.33814572340942706
3664,0.3371507189761652
3670,0.3229691807211564
3672,0.3465303653883729
3680,0.4059261306470227
3682,0.8693120697437613
3685,0.6577255215133931
3686,0.34419207919416517
3689,0.35239719473918035
3705,0.33931557363062625
3712,0.32911124912059225
3713,0.33168041094179473
3719,0.3244651837836514
3721,0.32821729351389184
3723,0.676207196826817
3724,0.326337603775529
3727,0.32982621090253816
3733,0.5416953196247768
3734,0.3851918843018651
3742,0.37698359443532464
3770,0.3772431124556588
3777,0.3872636115171607
3778,0.3661635713220648
3780,0.38466176706804384
3783,0.4912927068180586
3784,0.3915340463431495
3788,0.377903213199888
3790,0.3846168513773269
3794,0.38516854362411224
3795,0.385518539381839
3796,0.39142788937482137
3801,0.5313500056472974
3806,0.34563849822058007
3813,0.3578005065213566
3814,0.360657615340988
3818,0.29929326284230734
3824,0.40020715816371516
3836,0.37187194026858555
3853,0.3262478952899598
3855,0.29182222197572216
3858,0.35470634923538125
3861,0.7542509872817942
3866,0.3209618914212586
3870,0.35250231061117315
3874,0.9100772667198611
3876,0.30421898281509374
3878,0.3088669535562586
3890,0.3406401475458909
3900,0.8837591886915425
3904,0.32704547001855255
3906,0.3573624067367707
3907,0.3638447602279713
3908,0.34034376539559574
3912,0.3195191292216586
3918,0.9119733573690638
3923,0.8952929719046275
3924,0.3611160462685303
3925,0.3447542601824325
3927,0.7359657638912306
3955,0.9111193487040724
3964,0.4070456754668605
3969,0.4070456754668605
3974,0.6974361713056249
3976,0.40697992971559704
3984,0.3235994679048125
3991,0.35101780952658124
3993,0.913647331786037
4009,0.3096633659153912
4011,0.3813824525562724
4020,0.3267186898845099
4033,0.3191834939554836
4041,0.3766233897624961
4045,0.8238396913777415
4052,0.4035190055576193
4055,0.38380193563193665
4056,0.3863545734713901
4057,0.3930722932753498
4067,0.912552567054642
4069,0.37931417790048577
4077,0.3802358049546423
4094,0.3908705973108849
4095,0.3808888341598486
4100,0.33315640458571244
4119,0.31840459731287
4130,0.6836632563546228
4131,0.36877160052587793
4132,0.5936437640166747
4134,0.6423962244895627
4137,0.7607568415732672
4138,0.34937956878215887
4143,0.3229748355737677
4145,0.3590342878188233
4148,0.33709555728538765
4163,0.3839475042635405
4166,0.3904347520341178
4169,0.7537710213622897
4170,0.3871723035877438
4174,0.4060870967695379
4180,0.39841677105215223
4199,0.9090261174288057
4201,0.3774546312450379
4203,0.38392577177563453
4210,0.16031432226934916
4211,0.37532017889616653
4213,0.8985739303019499
4225,0.39391843985098784
4235,0.30256328079427286
4242,0.3229722546392137
4245,0.31938327612670847
4250,0.36862067660719644
4252,0.34246569046523406
4254,0.27573273829241335
4263,0.27573273829241335
4264,0.27573273829241335
4268,0.3579978666774168
4270,0.34900970721193864
4282,0.7510319662632476
4283,0.32549576884761405
4291,0.37889785764972117
4304,0.34470424318926
4306,0.3171619799872431
4309,0.3361530593799835
4310,0.3189162413097131
4313,0.2843421865385194
4314,0.34630069080166254
4315,0.32226493523473043
4321,0.363238346994154
4324,0.35592323721786323
4325,0.3649725866913272
4328,0.3481924961848029
4329,0.34496848476395847
4332,0.3486584526664898
4337,0.3660208044232063
4342,0.3421410171240144
4344,0.35384932044557693
4352,0.34829862734386713
4355,0.3570314175173811
4366,0.3441149979213346
4371,0.30531700990085553
4372,0.37677215407378123
4376,0.33574812626189415
4384,0.335065429849257
4387,0.3406077538440437
4389,0.3741813892617532
4390,0.37868347966736016
4406,0.3173962350582595
4407,0.8685846867742879
4409,0.8970108371457419
4410,0.7542619609795186
4424,0.344463157576503
4434,0.33603029308392207
4452,0.3371998028312142
4460,0.3551992616879757
4470,0.655399781783506
4480,0.33354775937850323
4496,0.9057491149363313
4503,0.3477506365812861
4512,0.33752261729164973
4518,0.6328000363806278
4519,0.37598318944506653
4522,0.2815427211387489
4525,0.3078968366144982
4537,0.6851033819216114
4546,0.29438869073393603
4547,0.8905581575286038
4553,0.36639644088127127
4556,0.34060985867795945
4558,0.8007776601009834
4563,0.33928155146551187
4568,0.33281778020906416
4574,0.7785232810564211
4578,0.2626939392115868
4587,0.34577553088079677
4592,0.5279321187828491
4610,0.3460003656714998
4615,0.3024756972269869
4619,0.3369589022150583
4620,0.5382934019902221
4625,0.6250351477220459
4635,0.3369105141481895
4636,0.3468615769611526
4641,0.34423751124187335
4650,0.34636310888249144
4653,0.8323877734933688
4665,0.33120579608712186
4668,0.8946268477592678
4669,0.29726669197452366
4670,0.4016743034151034
4674,0.36809633175271644
4675,0.40070327462586214
4676,0.39778330020616404
4679,0.3820600974253466
4680,0.8541609102239842
4686,0.37148150231080385
4699,0.3797072520710219
4713,0.6372168179270501
4718,0.33280606657564166
4721,0.35892732134355093
4722,0.3365920690483877
4724,0.35177440335420695
4730,0.8384533955421521
4731,0.3518542975242284
4735,0.33689408712746627
4743,0.3512983386946714
4745,0.3360713962356523
4746,0.575746438479802
4747,0.35289677132989505
4748,0.3549819266607746
4769,0.3517948740758716
4771,0.34547417021389
4774,0.320850553748959
4784,0.34496658874741803
4797,0.3418329185568068
4801,0.6777071246395197
4804,0.34787955064303183
4820,0.28418757527940314
4833,0.3614919467268207
4834,0.32747337344332145
4851,0.2930472989713745
4859,0.33950921724070193
4860,0.9009836916999098
4863,0.38916846390724485
4873,0.3743207119117591
4881,0.35059235965098867
4892,0.3308322667287009
4908,0.35470634923538125
4911,0.31871810177795007
4915,0.30303594431227676
4922,0.33530834457992187
4929,0.3398085157360957
4936,0.31019030520629176
4939,0.3747750977957575
4951,0.3259334570787011
4956,0.34757026660030077
4961,0.3738102454724133
4964,0.32897290093138015
4981,0.3915502777053628
4991,0.898279415902653
4992,0.3050671078508642
4997,0.3500814663132386
5004,0.3578817305416569
5010,0.36480117477964724
5012,0.38353922695931564
5015,0.3719480315415021
5020,0.38477624725788057
5030,0.3742533666232432
5051,0.9119920581428086
5052,0.36623191163755014
5057,0.7019650375551403
5058,0.5099649877680098
5060,0.31403563330569556
5061,0.3080186033755609
5064,0.5099649877680098
5078,0.4511022342323532
5080,0.4161798804072232
5088,0.3315429198511136
5089,0.5152286024192815
5090,0.3409483193282148
5103,0.8455634759890541
5108,0.3261586623952414
5114,0.32505380433280645
5115,0.35377167464025217
5124,0.6820158877238115
5137,0.36506401150788875
5139,0.3160550848833422
5144,0.3385200324901448
5149,0.9215644978680462
5157,0.3167325600162099
5163,0.3192865669038405
5174,0.3448206175735074
5176,0.34016521369622427
5179,0.3261103298946546
5186,0.4137079303958424
5203,0.7466240792357985
5204,0.7970356678736857
5206,0.281853006708305
5207,0.7387723706544673
5220,0.3522274268900853
5221,0.7612672413492756
5224,0.33467986797910093
5227,0.2688220413120873
5229,0.25978918825669967
5232,0.6873624824327489
5240,0.768972873234851
5242,0.6220725844977856
5243,0.2830137108869683
5245,0.7472772995033907
5248,0.2867352660111488
5249,0.2740033855670919
5254,0.3090451858005669
5269,0.34493427935279464
5272,0.336757715501911
5276,0.35139821303872026
5286,0.7444843988879514
5290,0.3352503008078269
5308,0.41563888222340417
5316,0.36158494968656174
5318,0.3584563869571279
5319,0.3363614095476924
5320,0.46557741909182315
5322,0.3118890413631107
5324,0.3088840666879883
5331,0.668521388981208
5336,0.9101794328302779
5344,0.3558106436824824
5354,0.3232996438075888
5356,0.1647771196368849
5358,0.30792100502361747
5361,0.3620111760866001
5365,0.7696161545625171
5370,0.52499217127643
5376,0.37534182145374495
5383,0.3626463055074896
5384,0.3556794428041622
5385,0.35417655214467736
5393,0.764169085682983
5397,0.32091278704151865
5398,0.3413761889404015
5402,0.34087563313477487
5407,0.6814031000501621
5409,0.3507393683309048
5425,0.3192379945459009
5428,0.7852578339164988
5430,0.34275189680255924
5442,0.36405348456965264
5447,0.3559987932341299
5470,0.35266143418457113
5485,0.3660005189008257
5493,0.34482888309639836
5502,0.6104509443139742
5504,0.3774390850616198
5517,0.3134735565177154
5522,0.34150586405071043
5527,0.8007819041614711
5528,0.314729031780481
5536,0.5338784823330835
5545,0.3462962589756637
5576,0.31723559697483
5577,0.2986219411592633
5592,0.3201305392304009
5594,0.3364970971724167
5595,0.35025199394230183
5596,0.34682002774186027
5599,0.3299266642156575
5606,0.35723345123893485
5617,0.33708519646313545
5625,0.7645629845963037
5626,0.28877350494684034
5627,0.6805548806759095
5642,0.7153666236397741
5659,0.9011793175705662
5664,0.7480579610088698
5666,0.7654031084054678
5671,0.2862569468138169
5674,0.3612645631033143
5677,0.6228649293083462
5681,0.2590960508712273
5683,0.1470844643313141
5700,0.4180345763504104
5713,0.4246421858502804
5715,0.4246421858502804
5718,0.355541036889387
5726,0.5998396914392488
5738,0.3611793710767622
5741,0.7773553780853756
5743,0.7955078569898922
5753,0.37497261102256596
5761,0.29449492410897044
5789,0.61787742350955
5797,0.3336290778225394
5803,0.2971179495374606
5810,0.4138024673045721
5813,0.32886080929763345
5817,0.3312966368746744
5818,0.33271993290855656
5822,0.3192389583496615
5829,0.31402088097189157
5846,0.4225791299355738
5847,0.3135481787000709
5854,0.3325477664649907
5858,0.431572365010695
5863,0.33714491461982304
5869,0.3051860941711094
5870,0.3082577955379348
5876,0.270318350623205
5881,0.3003585020427982
5901,0.3589709106888512
5922,0.6607569334170383
5928,0.7638023276309318
5933,0.35351533235498717
5934,0.7638023276309318
5946,0.3673127981013533
5951,0.30673755275381
5955,0.3620660451419946
5956,0.8856344428435883
5965,0.3550064727439784
5972,0.33982029371330685
5981,0.2974362562868168
5997,0.3584563869571279
6005,0.28962054581145985
6009,0.2840229080625697
6010,0.32772573953863193
6015,0.35464444097957626
6039,0.3082081665932052
6047,0.8151480068117041
6051,0.12818893422527933
6056,0.35034399050612564
6061,0.3495014538520918
6064,0.3389090576327509
6065,0.33884844940133174
6070,0.3259454927864413
6085,0.7777551812135021
6086,0.27654413743172784
6091,0.7726710650672224
6097,0.3050894241787247
6099,0.3651131085195477
6104,0.7726710650672224
6108,0.3651131085195477
6109,0.3651131085195477
6124,0.6657667383964705
6142,0.7428429795796924
6144,0.37822338378678555
6150,0.3695941603389129
6154,0.36623191163755014
6155,0.3143579964486929
6156,0.9119920581428086
6158,0.36566598479447693
6159,0.9119920581428086
6169,0.7338355388482084
6170,0.18991371568352677
6179,0.37290206972066176
6184,0.5269487767894828
6186,0.7899017658088678
6204,0.2362778958076377
6230,0.391203705216
6231,0.3594901444836471
6232,0.8784983328585907
6235,0.35683711524590767
6237,0.7427339332340482
6239,0.3645545092931633
6263,0.27873396785610055
6265,0.34116451001367504
6270,0.37672614937768945
6271,0.28105384926031013
6278,0.3584351848273062
6279,0.4875920394024267
6288,0.31332609189138144
6294,0.3633044845431537
6295,0.2771341187019858
6302,0.6595699920998837
6306,0.3181884186573316
6322,0.8270632770822959
6324,0.35609946796143765
6327,0.3109824886794466
6331,0.4289274863615512
6334,0.33580613060448455
6338,0.6030062283239158
6339,0.6010838883229556
6362,0.3375478353514407
6372,0.3544153878206691
6375,0.7770764707335917
6393,0.32898505573415326
6394,0.4111849075675286
6405,0.9112410604746038
6406,0.5492282105795601
6416,0.6857259066246941
6421,0.3209601548581984
6422,0.2817443456169121
6440,0.899983699001691
6457,0.7764611828476962
6460,0.6057326214486458
6463,0.3915070882332471
6474,0.7692097666514768
6476,0.3826060995278394
6477,0.37514617473111705
6482,0.7772703475384138
6488,0.3925618922374918
6489,0.2778842344783828
6494,0.31794441026947745
6499,0.7098850294384448
6507,0.26072685750328856
6524,0.34477494009280785
6527,0.3014730001954316
6531,0.3120027927455895
6536,0.37204027871869816
6538,0.28238196002258653
6542,0.77024378072959
6565,0.33080338247779234
6584,0.362253260096975
6588,0.3774653017914064
6597,0.3771993487676468
6603,0.7918769969876851
6609,0.7918769969876851
6613,0.7918769969876851
6622,0.3405766125681299
6630,0.36336963414783363
6637,0.33421333783003004
6639,0.8158782232617209
6640,0.3131783287641622
6646,0.3546437966258123
6647,0.4165961911322817
6648,0.9054462026292087
6669,0.34667126565087797
6680,0.3353500198158809
6681,0.3308651031881055
6684,0.20067330270993994
6693,0.3639807575741447
6694,0.3529656882922433
6704,0.21575625075856558
6706,0.3014593321781
6710,0.3969888414149576
6713,0.3671323735675286
6718,0.2998020139698532
6732,0.36276445282257264
6737,0.3313873718074326
6739,0.34692609670496877
6742,0.3646699618713701
6746,0.669109514461643
6753,0.33629089153854563
6771,0.279306501484508
6784,0.29047211738637474
6790,0.9093471654320481
6795,0.35788303612670624
6807,0.33629598579965087
6808,0.32510269537027175
6818,0.33001699271041496
6823,0.3534967790961914
6830,0.4142047506370503
6831,0.4142047506370503
6832,0.35797849345926475
6836,0.38020367491681833
6846,0.356505031507275
6850,0.3788369493956455
6854,0.35261275344368814
6868,0.7868867203645745
6876,0.6128801081445816
6877,0.6876424459265639
6881,0.31768099902121655
6882,0.37292222766941807
6884,0.34393445748641693
6886,0.34684130611399705
6901,0.3614571555902587
6910,0.3422568963978363
6913,0.34515608383058677
6914,0.7468939035763708
6918,0.686791209821909
6930,0.6949198759095777
6941,0.2993968853581321
6944,0.7124008207218098
6945,0.32818008716598823
6947,0.37321818595779044
6949,0.789469135068068
6952,0.3671783305521598
6963,0.633436753726161
6964,0.7030277155156585
6972,0.7590235108494778
6979,0.35953989455198787
6981,0.37200539581274145
6988,0.8115736235183209
6990,0.34402409362721814
6998,0.35296552226594047
7004,0.3593811979164689
7016,0.5493960266469019
7027,0.36757128377758325
7042,0.30622324524208955
7056,0.3023327993536472
7061,0.33514683504605536
7069,0.7187550689465827
7071,0.3460793394893005
7088,0.6775659301352346
7099,0.3838544988611414
7108,0.31725289863437
7121,0.8766505114656759
7125,0.7787295763841624
7136,0.5824953888772746
7149,0.6504412558209026
7150,0.5443163083258951
7151,0.35482247880479545
7167,0.3558372136517239
7177,0.7060050189035735
7178,0.3544769225129179
7183,0.623721154707479
7186,0.33120357760650365
7190,0.28360917094528526
7201,0.3506194260811183
7202,0.35302126899370995
7207,0.3191448419773361
7213,0.3426385268675168
7224,0.6608918694471072
7225,0.32007049942487953
7233,0.33672404942851236
7239,0.29007602551219636
7246,0.33206495648011175
7248,0.31418704105503803
7261,0.357755301125175
7264,0.34974168521594357
7266,0.33080572972543204
7274,0.3485223095553819
7279,0.3222947367731405
7293,0.36269736643602046
7315,0.3490078572173775
7322,0.34227851010554977
7326,0.8976075498161106
7341,0.3948259996639744
7363,0.3762946903569054
7365,0.7811367001176556
7371,0.343450682541026
7377,0.3560741974591548
7393,0.816865468743808
7405,0.30127954651854594
7410,0.3035693970485469
7434,0.6651864186315916
7438,0.3606726612186046
7447,0.7224617920485205
7450,0.753653951904736
7452,0.3620785427770933
7453,0.2789837618223551
7455,0.3165437852138189
7456,0.33373571777094385
7457,0.8973636459257743
7466,0.3800334628480048
7470,0.7640562865324911
7474,0.33348818994949725
7487,0.5386454656061146
7488,0.4403250342459905
7492,0.6453313391713686
7496,0.3461839020317318
7501,0.31779625127186123
7505,0.4306833953125037
7512,0.28922505325689074
7526,0.5807862333204693
7536,0.5472544801914299
7538,0.7327429053626384
7539,0.3687107070006544
7544,0.7318123528974084
7554,0.5209432948738189
7564,0.3243370618693197
7566,0.6839324629774319
7580,0.6698561728212755
7581,0.7732530854375393
7584,0.37467098350164474
7587,0.373061728689047
7589,0.37354354278854535
7590,0.36617648079333603
7594,0.6907291468965355
7597,0.3636249359803218
7602,0.8844954566804477
7603,0.360176340250505
7605,0.6994020406760547
7609,0.364987697817805
7613,0.35381996360925116
7619,0.33039748493878834
7625,0.3467057042625053
7626,0.41186304142424823
7636,0.41186304142424823
7639,0.8155788180083174
7641,0.35490623368964674
7643,0.8592336946676568
7644,0.35435680081406296
7657,0.35467377213083223
7661,0.6939909254796692
7666,0.33703389100981784
7673,0.3700039191768266
7683,0.36087577681431376
7685,0.34922034033989663
7699,0.35552154866520774
7704,0.6596503829377555
7705,0.50799743191799
7708,0.5514705527960698
7728,0.31794364946512393
7733,0.3776659046305063
7741,0.3782774213314445
7743,0.35576510883730056
7745,0.30929730586341514
7754,0.7118605704933684
7756,0.3190958447524273
7757,0.3633292235960327
7770,0.6878756701932744
7773,0.9122303347780061
7774,0.37330580901432964
7776,0.7587465683780937
7777,0.3562465633392685
7778,0.3928451260766671
7781,0.36054811305084355
7784,0.370562678291623
7789,0.8855005245833927
7794,0.6763135475294008
7799,0.32849338407140305
7801,0.664151863197761
7818,0.30108685222710185
7823,0.34898286170006076
7828,0.3595942891707843
7832,0.35214193008077926
7839,0.372351089603055
7851,0.8030083159805848
7856,0.3682587413390572
7868,0.29343422315196727
7869,0.3709365539852768
7872,0.3553833529494129
7874,0.34630963526551517
7878,0.3569358593664254
7888,0.35400166913573805
7913,0.32477523676955133
7923,0.35849322651217136
7925,0.39025908585794444
7926,0.5482465230231109
7938,0.35358020829016906
7942,0.784284986518889
7945,0.3664432939486798
7954,0.7329240221928284
7963,0.3314978177457
7969,0.36575352056471855
7970,0.3176552490267974
7977,0.3176552490267974
7981,0.33402089247490896
7990,0.3195799163698512
8020,0.5735334943096323
8023,0.37103941443054117
8025,0.6653183020955273
8034,0.435814404267051
8039,0.3519891003066593
8046,0.314668185706968
8051,0.3404119371535102
8055,0.3488282101199446
8060,0.3493055167662025
8063,0.33103302435471366
8073,0.892289578711334
8074,0.35794191346919274
8076,0.6503398380710711
8080,0.3580720432028133
8088,0.35621038987093956
8102,0.3888068159649955
8103,0.4060719549106934
8104,0.4060719549106934
8105,0.3387134711171477
8109,0.3172159482001837
8115,0.4060719549106934
8121,0.6553077342646739
8126,0.3070585343428167
8135,0.7888483950219687
8153,0.7438727926306257
8156,0.3460481976928773
8160,0.7528249865273726
8161,0.3484579415797849
8162,0.3537399118085962
8171,0.361641349056096
8181,0.3525759462199712
8183,0.36068071394521867
8185,0.31760574486718773
8191,0.8746804263733555
8203,0.3103253430566791
8204,0.5279560695750869
8207,0.5686538612356344
8208,0.3410609968053808
8209,0.5639014563374227
8210,0.3349286663851879
8225,0.3520982635866543
8226,0.3274894342689472
8231,0.5649913477899962
8233,0.34075643643978076
8244,0.6843362597247694
8250,0.3101465623843658
8261,0.34484342650256145
8265,0.35439816474978303
8278,0.37498167363837337
8279,0.36127770384860347
8280,0.30867956477583675
8296,0.7868979097926457
8299,0.35224606514656714
8300,0.36423995722310926
8301,0.3303895537515772
8305,0.3751438184437016
8327,0.3342674837835504
8334,0.35752953523882225
8349,0.3249655438164987
8355,0.33971171364370817
8361,0.3724705852136811
8362,0.37614903533401617
8364,0.3577518508053542
8365,0.35812716324259647
8375,0.3675135987649953
8378,0.7616994156291984
8380,0.28980037924723506
8381,0.3400214252018492
8387,0.3708191314795951
8399,0.7837357023304465
8402,0.8960392675249856
8409,0.37107331748314965
8433,0.7293311998013694
8436,0.3674335895810808
8442,0.34866417311529757
8448,0.36131914034783885
8464,0.3191786671738496
8469,0.5404923633270164
8474,0.5734800591647005
8478,0.31474330681521984
8482,0.34389813812272246
8490,0.3701830705072901
8510,0.35077475880750325
8511,0.3612779051013917
8527,0.36726440516354997
8532,0.29049292681324523
8533,0.3607554857598452
8538,0.3522525565766449
8541,0.327273315100193
8545,0.3546393623465853
8553,0.36632081094289526
8554,0.3588093527014114
8555,0.3780631307837923
8569,0.36044086082204296
8586,0.7574624694088595
8593,0.3643580686644983
8600,0.9173060384628444
8606,0.76728385548091
8607,0.3576249908225536
8611,0.32318222620967335
8613,0.754962659924619
8618,0.8591900907747919
8630,0.35059888651946636
8637,0.3811792221989602
8650,0.35710791161564814
8652,0.35008218595789536
8661,0.3442159854491839
8669,0.36168115590547834
8673,0.37954546663367095
8674,0.3802704941485289
8678,0.7396171825030567
8682,0.36807005378176166
8688,0.3434307564814364
8689,0.7164802243633717
8695,0.33776623107757575
8698,0.3282372633174736
8703,0.32938780118349276
8709,0.3395975095836593
8716,0.3598967091535775
8723,0.34819134220873865
8737,0.5353373975895479
8753,0.35851495280000684
8773,0.42865775890076363
8774,0.31128266613319455
8778,0.5511165825013128
8786,0.5161150496368756
8794,0.42865775890076363
8795,0.4983859608943234
8800,0.2689495004748482
8804,0.34928828558651825
8808,0.3617292594025398
8809,0.3356435402349488
8817,0.34484342650256145
8818,0.36952716085599213
8825,0.3732850083656351
8830,0.3415148123459497
8833,0.3654850966631163
8834,0.3678807845111275
8836,0.37881892545192697
8837,0.3623641753510658
8844,0.3511831079515541
8851,0.3583046534677234
8861,0.8897856763592064
8864,0.37982625052920294
8865,0.37018820110270223
8869,0.3431684219609372
8873,0.7754933700129902
8880,0.7861804799678429
8884,0.3123569317980712
8888,0.3617970247940218
8889,0.3264036323569895
8891,0.7946107945064953
8893,0.3686391708508465
8897,0.3795331235470574
8905,0.3733883392280199
8910,0.7294954945532511
8918,0.39316747698557575
8939,0.3477814694248411
8940,0.3518283451114173
8941,0.35950411396031484
8944,0.34438857747155427
8949,0.35688730728406337
8950,0.3595536555020859
8958,0.787179538696919
8967,0.776764224488374
8975,0.6969377072676423
8979,0.3316453539037422
8980,0.3603216760132429
8991,0.34225801670757466
8995,0.3064769805030587
8996,0.3623932428249038
8998,0.7564731023207558
9000,0.3590144898310116
9001,0.6763707294606629
9002,0.3603043717859514
9024,0.3563109471630926
9026,0.3441678055265497
9027,0.335664563145345
9034,0.3400519964365938
9038,0.3427480950951813
9050,0.38462025628134244
9052,0.7993392401484618
9054,0.36683577808718826
9078,0.8885747540249573
9097,0.3208824395727747
9109,0.3551813808469136
9112,0.6194640520183723
9115,0.32136827520827815
9125,0.3930372511742295
9132,0.33920651614002134
9136,0.341493182136888
9139,0.3360701679103505
9140,0.3607302879308144
9142,0.6518235410394889
9143,0.3382858029650711
9147,0.6208197163089991
9159,0.34930715806737306
9165,0.6130995548739535
9172,0.35939839844604066
9177,0.36946403019317814
9179,0.35137325347522036
9185,0.36007252847275456
9196,0.8823719347071586
9201,0.3748554354861284
9209,0.3480759634684172
9210,0.6177349726572461
9212,0.3354235763117145
9214,0.3691572723872475
9240,0.8978164241038409
9241,0.3380455143449811
9244,0.365505725016747
9249,0.3523823467156162
9250,0.7045990966585182
9255,0.3552637175647832
9258,0.4970538306033439
9263,0.31113454504149796
9266,0.5602423526325896
9269,0.3497845452335365
9272,0.35158275234602426
9276,0.6926975614335655
9290,0.3626958424360686
9299,0.35491399078611713
9303,0.3493560977156908
9310,0.1870810789013062
9311,0.33188557657407153
9314,0.32365618469722474
9315,0.841168180135658
9325,0.3076995293533674
9328,0.6151734597995127
9329,0.32734069271111293
9332,0.8785335138667747
9337,0.4572126892709344
9353,0.791484593875651
9355,0.3748307169704319
9356,0.39316747698557575
9362,0.7518097743686921
9364,0.39316747698557575
9366,0.39316747698557575
9387,0.9013175155103934
9388,0.8984021557787697
9396,0.27562745779877673
9400,0.3446470303581917
9406,0.3833955475414705
9411,0.32741937616362216
9416,0.7236271364924511
9417,0.7848807617046062
9423,0.7848807617046062
9425,0.2789870369442546
9426,0.3251699451093791
9427,0.32503274259288695
9429,0.7848807617046062
9430,0.808285243263529
9434,0.33041917677095467
9442,0.3831729486355055
9458,0.35674958337314955
9476,0.38229503730170433
9481,0.3542460795384135
9483,0.3705858047448347
9484,0.37111019677697393
9487,0.7883315182922715
9488,0.35714841169996264
9490,0.35045735131018957
9502,0.9073063499129905
9505,0.36876753774386717
9509,0.3097728376130057
9515,0.3661864034886459
9516,0.37564334719215864
9532,0.37006770428011626
9539,0.6078876009108208
9542,0.41753446420581125
9549,0.35935921104985885
9550,0.5455092382404265
9553,0.33779352044211164
9554,0.36468686780485676
9561,0.3406890373882511
9566,0.35499152608879264
9571,0.37565046971397714
9577,0.3547577151099422
9584,0.3572970340525925
9592,0.36524696519927013
9596,0.7905179262746889
9602,0.37064217807375716
9603,0.33902317500599877
9604,0.7382333391888808
9608,0.7382333391888808
9609,0.383183484895913
9613,0.37878316359960035
9623,0.35667738057289455
9630,0.9062177909538425
9633,0.3799477489435456
9648,0.3746633373886782
9665,0.4026801553899842
9668,0.3715779345415856
9678,0.3697159848788361
9679,0.3620354559466574
9693,0.7929661004393612
9718,0.786309987110197
9720,0.786309987110197
9744,0.3490014772746386
9745,0.35504597778083236
9746,0.7641808061161136
9753,0.3527261275310608
9758,0.36458906825990256
9759,0.3435758356102524
9763,0.36560259462557115
9766,0.3757603562714215
9767,0.3652608750348302
9777,0.7919902118116376
9781,0.3506609626911149
9789,0.35753509723348886
9790,0.34310319962029573
9799,0.33491334853021976
9802,0.3644531091352202
9805,0.7031390780826039
9807,0.28886406633152684
9812,0.29699030387857733
9818,0.34656477877735775
9820,0.7988814356248807
9822,0.3657592557522421
9824,0.36136049239923357
9834,0.36136049239923357
9836,0.36521373558164777
9847,0.3377966975081132
9864,0.892786207665989
9869,0.35903548530910967
9875,0.3705216802257082
9880,0.4633600563330111
9889,0.7811659409257362
9894,0.359753229867479
9909,0.7934919793977138
9915,0.38358514648243863
9919,0.32912945553887796
9920,0.812080135645574
9940,0.6853947034509621
9946,0.6415758972413244
9958,0.7923936661974283
9959,0.3823840956235254
9973,0.7294380360173395
9976,0.3448096833365975
9978,0.3913306478455865
9982,0.37782246759798377
9987,0.3322697538331097
9988,0.3152481115409781
9992,0.36162915379675875
10000,0.19663267277147656
10002,0.7788530328602448
10005,0.36917600695735
10008,0.30815924932624345
10009,0.35393255831242965
10011,0.31928995752663875
10021,0.3258945058329941
10022,0.7246445148329616
10053,0.3549539463585401
10074,0.3850565564834771
10076,0.369672920467992
10090,0.30530439329230824
10092,0.36925170169873217
10099,0.3709405302166535
10102,0.37466255405497545
10103,0.3709764104559531
10106,0.3789671187489887
10108,0.7108563763385772
10113,0.7941053191354099
10119,0.36027686705721534
10122,0.3338797103052479
10125,0.34752315998955785
10140,0.32042249669223966
10155,0.34514256904112617
10159,0.34251261747548517
10164,0.36854029570103775
10175,0.3525613199766625
10176,0.6456236029189523
10178,0.2909195840964159
10186,0.3999392960303659
10200,0.3433193683915035
10204,0.3999392960303659
10206,0.3999392960303659
10211,0.3548358955946966
10212,0.3511239922403055
10217,0.3484940810719538
10220,0.4046654748666628
10230,0.4046654748666628
10234,0.3558241274410203
10235,0.3608328332956478
10239,0.35424901885614946
10240,0.35947669756896905
10242,0.3598251498830226
10245,0.3514827930384309
10246,0.6160288070435767
10247,0.34312268727707296
10250,0.35158043780703513
10254,0.8211282177382013
10257,0.385703935930642
10260,0.33735042277415733
10261,0.8211282177382013
10265,0.36517370135090726
10273,0.31214349734156216
10274,0.3630291994417024
10277,0.33291914043230625
10289,0.8368123651629182
10290,0.30015611740082493
10298,0.3681852393788678
10301,0.36010310724579264
10304,0.3627764219334231
10305,0.3702264059768605
10313,0.3622202495592047
10320,0.36724374009651906
10323,0.3518054293983892
10328,0.33510177053374907
10332,0.9075805873298286
10336,0.9075805873298286
10343,0.33426885004040324
10348,0.39259321557591953
10350,0.34198665154980995
10351,0.3427804904354763
10354,0.3481423922045513
10372,0.3253931068814891
10373,0.6791263534632125
10380,0.37550123517137773
10383,0.29022630917024805
10396,0.7109004990763962
10397,0.4117195613354913
10399,0.7670104823954601
10400,0.46950359023037586
10401,0.34854140652231186
10402,0.35387222454830836
10403,0.543857557722231
10410,0.8866163246380324
10412,0.4917126061929554
10415,0.35047698930410626
10424,0.372096067921251
10428,0.34199321185540676
10432,0.3453217023169834
10462,0.3828734135701517
10477,0.3793188066470889
10482,0.3532225322287194
10484,0.36392680327281635
10493,0.36353427580140396
10495,0.3460434388082646
10497,0.35304794992178457
10516,0.35711771256788355
10521,0.35421092927508957
10522,0.8029398696332621
10523,0.7479648215138155
10528,0.31567182076821293
10530,0.32470492729747663
10532,0.5494013340658378
10533,0.3280652237523685
10543,0.8425679064360194
10547,0.5567508754869723
10552,0.34252712566791416
10558,0.3285560747578141
10571,0.3301063236593172
10572,0.2980588559892106
10574,0.3073399201790258
10583,0.47505508772939675
10600,0.2905261002556582
10607,0.5561018427428016
10608,0.5622213314294744
10614,0.3257498578091252
10630,0.3460135762087473
10634,0.3702482381410387
10635,0.35430211337182077
10641,0.7534651194273215
10643,0.5516101430580163
10644,0.40577613868959034
10648,0.5528155615417295
10669,0.34668461513627846
10675,0.4939874003611466
10686,0.7867012535468896
10704,0.35965867792702044
10707,0.35841582148455026
10722,0.3676727338566518
10736,0.7345676156100573
10764,0.2538079489496927
10767,0.7806824828054891
10776,0.3379869976864459
10779,0.4710952390032543
10781,0.344489774548222
10792,0.7406868062339133
10797,0.35471643031923994
10798,0.3783685769052185
10801,0.5668964378525364
10802,0.49903281957104584
10805,0.35358710091311374
10808,0.35721442853710483
10810,0.8738931578727617
10816,0.37608622226724236
10817,0.37740897284435043
10829,0.715276834590505
10843,0.33577266060017097
10858,0.4126242329679721
10866,0.3388900539838562
10876,0.35481037307932806
10887,0.3447653027727092
10891,0.29111415178385863
10896,0.3490152323703143
10900,0.658550065741292
10905,0.30710408671057476
10907,0.3495957449722461
10917,0.24103815078105184
10936,0.360442207982608
10947,0.3093809033767368
10948,0.7317400126669137
10951,0.35667334048259414
10955,0.3019216932054875
10969,0.37660309684055765
10984,0.3821007636035891
10987,0.38045976574555024
10990,0.3815324066381056
10992,0.3799282285948185
10996,0.3785522337295191
10997,0.39688460714295964
10999,0.3391270573310148
11000,0.7809099086272634
11001,0.37991020870261194
11010,0.3819387986661922
11016,0.3819387986661922
11018,0.8085478568570104
11034,0.887207924751564
11039,0.35792175822748545
11041,0.33787886613102885
11047,0.3521215962720664
11053,0.5178873980660971
11055,0.25183508889141265
11056,0.3539759081681899
11065,0.325433756857524
11068,0.6558749022317113
11070,0.3573446731397223
11071,0.6283757196517195
11072,0.33297320088192517
11079,0.37646575351722167
11091,0.33066111100772905
11094,0.30301247600648135
11112,0.3828734135701517
11113,0.3828734135701517
11128,0.3270545687213945
11153,0.6893836202929597
11154,0.19411705828734632
11163,0.36955389609932104
11179,0.327775785642986
11181,0.3094024811591319
11206,0.3368251128367887
11216,0.32629100003540784
11221,0.35836931456810434
11223,0.6965924590191889
11228,0.7573719977701345
11235,0.36586994746758017
11237,0.3627764219334231
11244,0.364768280583363
11256,0.4160166038225319
11267,0.37279211832341114
11272,0.7490657818861968
11281,0.35107319173254664
11285,0.34332169328503315
11288,0.40906989183657516
11291,0.3620861210960661
11293,0.3713296981643693
11297,0.36002042127413314
11298,0.34185714296840003
11299,0.3147117315000692
11301,0.3628558037723566
11309,0.7069493122846005
11331,0.35790069622424975
11332,0.3783145648155544
11337,0.3661844724327406
11343,0.7936595767729693
11347,0.36122252994229825
11348,0.6497723826976791
11355,0.8873386524941165
11368,0.3185691168657065
11369,0.7657337733316256
11371,0.7988814356248807
11378,0.6611177167137932
11384,0.3663061047266556
11387,0.3729680013379466
11393,0.3614068059387146
11399,0.3962810443563016
11412,0.7026639730561015
11431,0.3709993719695652
11432,0.36123816330685754
11444,0.8656853061537889
11450,0.9115957273349067
11451,0.5843628198974952
11476,0.33625564792114276
11488,0.3563949669201325
11495,0.7891489774093429
11505,0.37645123060104
11508,0.8877223105406796
11518,0.37438420835127006
11522,0.3600651892426757
11524,0.37438420835127006
11533,0.36768775524893704
11549,0.36768775524893704
11551,0.9178790366544866
11560,0.3742144212239829
11563,0.37204470076789803
11565,0.7874731907159209
11567,0.3606899209054126
11569,0.3609821755348172
11598,0.5159218276554158
11604,0.6605182358465732
11611,0.36062524873512763
11617,0.4710616056647783
11626,0.32844429209417664
11642,0.36175954653861037
11643,0.3307770949197655
11648,0.3279272091562898
11651,0.3262568761254266
11663,0.3150711677644406
11666,0.4539023858643806
11685,0.3235309411206178
11686,0.5381408681113771
11698,0.2882600452041752
11708,0.34908366193590307
11711,0.3504065419551133
11718,0.33855516599335966
11742,0.3880029120573017
11761,0.7208681585347491
11767,0.3611356024349956
11768,0.35732905341631
11775,0.5209806761730792
11779,0.3881968156697
11786,0.9081481868095617
11790,0.796271115813819
11791,0.37526960692477934
11796,0.18591388993069421
11806,0.5464896467790549
11810,0.3529836699516405
11811,0.3355352186567952
11814,0.9092723561026086
11816,0.3428095825887894
11820,0.3947604566664787
11822,0.3734211071465241
11829,0.5060490076051752
11832,0.39447239742827034
11834,0.7360714967992784
11836,0.366374419409717
11837,0.33482736969963733
11844,0.7883835476878448
11847,0.6746498684523329
11864,0.7274776031434633
11865,0.6947608544852917
11872,0.35200372586171463
11873,0.2692103174564163
11886,0.5058069359720253
11894,0.34266766925404113
11905,0.34059280856451535
11906,0.26037892312387967
11907,0.3590522674888495
11912,0.3689576084267286
11914,0.6770221456757891
11918,0.3746526408701628
11924,0.37410469697833143
11929,0.8652452463585482
11930,0.34911232767732103
11936,0.33826107578288017
11937,0.3554264648863137
11954,0.4341234586527007
11957,0.33644719398709877
11964,0.34064553614736975
11968,0.2510772637871936
11972,0.3585198128137744
11976,0.346944766065726
11979,0.34951290682963854
11981,0.34876546122460167
11983,0.34920698261319344
11989,0.21000556780690524
11991,0.39222138411065677
11998,0.37738271746498925
12003,0.4012908759004505
12007,0.3582728238938696
12011,0.548911648886413
12014,0.39080874333510185
12024,0.3341850953573163
12033,0.38051358712560346
12034,0.39403064968899454
12041,0.35027244212461667
12046,0.37438420835127006
12056,0.34666861615213074
12064,0.3423987733920477
12069,0.3155335096798203
12070,0.33865473518269634
12071,0.3368401846700612
12072,0.26565220253350624
12078,0.340852422144084
12091,0.6816645997969928
12092,0.24799931660998673
12094,0.25410805668994413
12098,0.3205871378604437
12103,0.3685685575461858
12115,0.8131823752320294
12118,0.40596212734205384
12122,0.5391245212721488
12125,0.9070594961565814
12133,0.34515954028653456
12137,0.40394003251152644
12141,0.32602913392177185
12143,0.340947045568573
12144,0.8244935736933955
12154,0.36456159565326224
12163,0.3378025106743632
12170,0.7529182503091745
12193,0.3532754699459363
12196,0.36921959112662106
12206,0.3506249864909203
12209,0.41159452869450297
12214,0.36458392390066907
12228,0.3227385920507734
12233,0.5452926755430106
12238,0.41159452869450297
12242,0.3649322532294885
12245,0.6691328796565306
12247,0.32845221155978177
12251,0.36914893376754454
12287,0.3602858696701819
12292,0.8475302484375266
12304,0.36346096181874626
12317,0.7470766560962588
12320,0.8021701788444868
12323,0.8025751337929317
12328,0.3631831536260034
12333,0.8025751337929317
12334,0.369623314407599
12335,0.6944812992981755
12352,0.3769685444287838
12358,0.3628107534535585
12364,0.35632669951389423
12376,0.3476805727012631
12396,0.38661112390672997
12402,0.9120689788872453
12406,0.361838732220437
12408,0.2801607641430792
12410,0.9105601980553034
12413,0.5571592863966336
12417,0.3113394641254929
12424,0.5249836193189873
12425,0.33553264917347475
12426,0.32445669977022207
12430,0.35010533315199743
12432,0.8264225864476485
12433,0.34893308087368863
12451,0.21908076790140402
12457,0.49268779218575104
12465,0.38969881675514445
12468,0.5219996666869734
12474,0.3556934955293524
12475,0.38969881675514445
12486,0.3929827657473085
12487,0.5504930593512455
12514,0.360738785425727
12524,0.9090004262780472
12526,0.31906260850042095
12530,0.31592141812177094
12532,0.17803080246303254
12593,0.3442615979696705
12599,0.36154039685959843
12600,0.3779626117290023
12603,0.37913048580135833
12624,0.9204893057877799
12630,0.3594993439632978
12638,0.3791213973987231
12641,0.7718082796541318
12643,0.7647140765445588
12656,0.373235665264438
12666,0.8096202518651879
12673,0.7799830091090847
12675,0.33459200320667704
12678,0.807882619162253
12692,0.17947812563320137
12693,0.8307720246332106
12707,0.35105727382970986
12711,0.7680721151296988
12716,0.33915865453792493
12717,0.7587671147148687
12723,0.3595899646805983
12738,0.3770634505168555
12742,0.363881972052701
12746,0.361305873815319
12753,0.3884844019029128
12758,0.3891064961710529
12760,0.35368477032948076
12763,0.3432284613493075
12764,0.3482079180864204
12768,0.3713132659690861
12776,0.34577485769940713
12777,0.3591254106546472
12783,0.8784897594433582
12804,0.34373164422765895
12824,0.37221322816059743
12839,0.37927938239151193
12847,0.3526252535518365
12850,0.9070978665561722
12867,0.7865284826033735
12883,0.34122547858033925
12887,0.37907054436898097
12890,0.32259879270769193
12903,0.6903748051665477
12906,0.3793461179551727
12907,0.28099803101039894
12909,0.3145272617832475
12912,0.3334897245771182
12915,0.2637928263501094
12930,0.7194282829413513
12931,0.5304577987301521
12934,0.6215958564398452
12951,0.3606762157649023
12955,0.3466663241050329
12973,0.34678490679187335
12988,0.3499914716335197
12999,0.3664912639329092
13015,0.7111163321326578
13026,0.807316946135609
13036,0.3846188655765823
13039,0.3458194915069701
13040,0.3404336225048795
13041,0.3678943795688881
13043,0.7285300047610996
13057,0.34754523266385684
13064,0.36107406700337236
13068,0.7613273167606199
13069,0.6016264359701442
13073,0.5294622194315807
13079,0.8324116694888665
13086,0.2914850598532758
13089,0.6790561062975922
13093,0.3248237669268088
13097,0.7529327782880804
13098,0.3589526526369041
13105,0.319966209184653
13107,0.5752873966062801
13108,0.3923348913917592
13110,0.37142476016206294
13112,0.7289785316987076
13114,0.36889039637334914
13118,0.3749581083771625
13127,0.3518997900862592
13129,0.3511992256683744
13142,0.8978622893558798
13146,0.3732019690095885
13149,0.3732019690095885
13157,0.3751780935955294
13158,0.7696001276204444
13159,0.7569146254069482
13161,0.3434747811759968
13162,0.3690453172377961
13166,0.37481424674057084
13168,0.3838262770849264
13170,0.8733769220973494
13186,0.5058645168362385
13191,0.3657342242743943
13203,0.36782666946693404
13209,0.33506208348099675
13212,0.35210565405443
13213,0.3695539946329399
13222,0.3242827096066954
13229,0.6462485031662462
13234,0.5887373196931621
13257,0.7272891736077601
13258,0.3569720511228658
13268,0.3163835857118013
13270,0.35529873803592965
13291,0.31941601039309764
13292,0.6789183402665425
13299,0.3499968251477369
13307,0.93967796175342
13309,0.34618937454860804
13311,0.36327797048299876
13312,0.3625575476600593
13322,0.3606382178260612
13324,0.8068747713932454
13330,0.3581267679841888
13338,0.34379986402219004
13344,0.6930506484619939
13348,0.27726426175785424
13355,0.6712580610961802
13365,0.8898638971596938
13368,0.35363094009886137
13370,0.37758031968752975
13372,0.6843301536920472
13377,0.7615895697707873
13385,0.40215336666335866
13389,0.3503767259477142
13393,0.2876554256843651
13395,0.3518665331596647
13404,0.3141617082972012
13411,0.36423033147130207
13416,0.36070018268599524
13434,0.37275569900314953
13435,0.7309104303255031
13445,0.3656806097945922
13446,0.3480115975037877
13451,0.6166412618856546
13462,0.576611454948591
13464,0.3456775624989459
13466,0.3281241375928129
13471,0.30827207281973834
13472,0.8275836025392025
13477,0.3761028530504237
13481,0.33293963314704217
13484,0.7210242116465967
13490,0.3399972568379659
13492,0.6418618637475095
13500,0.32245096624598807
13508,0.40879028315744653
13516,0.35133715638202667
13525,0.37116520717991813
13526,0.41220445618102847
13530,0.652751216402937
13532,0.36387370606619784
13538,0.3626097053575614
13546,0.36918443213283425
13548,0.386829807275302
13550,0.804355040087263
13551,0.37307808702706435
13564,0.38546101657640663
13566,0.891567567305059
13570,0.3782236645900652
13580,0.35790710437835066
13585,0.31020335428983814
13588,0.30874583334688677
13592,0.38165156024579105
13594,0.35069235336272553
13609,0.37836197462132143
13610,0.6686982942954354
13613,0.3358201302744592
13625,0.3549396130801651
13626,0.7726795555990306
13639,0.7010168183838238
13645,0.7684881550479293
13647,0.5306286754586296
13648,0.32668280268894706
13652,0.45193462653409155
13654,0.7061144358163588
13664,0.39385599177212394
13673,0.3598430884259484
13684,0.33575042937789534
13690,0.33526685788411364
13693,0.32303709474799996
13696,0.3486636717041014
13700,0.6995075947430114
13701,0.34146166098003816
13707,0.5603046192996318
13713,0.33194818297766315
13714,0.3411819707246543
13716,0.5280927404176737
13720,0.3387749089708028
13727,0.3379886454002046
13733,0.353000479132571
13738,0.31726292819794216
13757,0.380809221497661
13759,0.7512475414638979
13761,0.371744049901995
13767,0.32034569642288724
13782,0.38570268765827986
13786,0.3797447461657047
13787,0.37628366392461676
13792,0.3170769551350658
13795,0.7325556914573601
13798,0.37597556960890083
13807,0.20335019176582247
13809,0.35114510789945436
13811,0.35897488169271075
13815,0.3563768897683693
13817,0.33051460067251887
13818,0.3281653962570035
13822,0.35061247525901756
13824,0.2797872563321502
13829,0.3491750328872088
13832,0.8578128206437867
13840,0.6259695103794747
13841,0.6025747886408935
13868,0.34480483428234077
13871,0.9186528814412726
13880,0.34940830098731995
13888,0.6560202105769692
13890,0.6993122612223596
13891,0.3365873551423852
13895,0.30504192642056865
13907,0.3418199399279555
13910,0.656839954322876
13912,0.7109616079215646
13913,0.35487095380879174
13923,0.7488530864184506
13929,0.35626415941658635
13936,0.36070184180617537
13946,0.3143028888604913
13950,0.3030019062948708
13951,0.35743240979863056
13954,0.3311726749158204
13958,0.8059336630293312
13969,0.6889888774833386
13980,0.27138838717548425
13981,0.38565482471411106
13986,0.3881803422562397
13987,0.28663137492102503
13989,0.6257868916782867
13992,0.3175235178155684
13994,0.3164351562779496
14001,0.7990225041782043
14002,0.3547354630711017
14004,0.35890980690448887
14006,0.3565742431238627
14012,0.7551423630933364
14021,0.34821052178477746
14024,0.8338967646197541
14045,0.3482101717465407
14047,0.6676047873202063
14057,0.35356358432808516
14059,0.3304322820156855
14060,0.3492282509212563
14068,0.31444604616305494
14070,0.4921157047267351
14074,0.501949808058434
14076,0.5768410226243194
14089,0.33438674165539883
14115,0.4060925527140397
14116,0.3585676100608829
14128,0.5966318414837191
14131,0.3608537826640347
14134,0.7565291049217594
14137,0.5189783225435185
14138,0.38053384656073264
14139,0.761113723557022
14152,0.3293670391684185
14153,0.8523266267460244
14155,0.3514260586148122
14156,0.8361513964355104
14164,0.32301002313837995
14165,0.48965962542964825
14171,0.3369842070662685
14174,0.34470070654763174
14181,0.4768444219758154
14186,0.7244726602057536
14192,0.5169810104311071
14201,0.6598906491528779
14210,0.6588992622356256
14214,0.3242596145958039
14231,0.35689974609511427
14236,0.3329156359891711
14241,0.44743159736794597
14245,0.36158556898540317
14249,0.3614911943922714
14251,0.44743159736794597
14262,0.34396010313541175
14265,0.33183544478801064
14267,0.5307062276451671
14270,0.9187115387885324
14276,0.580395334876287
14279,0.48306869918495987
14281,0.330257107096516
14289,0.31898991893654277
14290,0.33460910724350135
14293,0.7117543090085103
14295,0.6972705884059217
14297,0.4367498056294591
14298,0.3689796826145417
14310,0.3455341345309083
14312,0.7942538987338841
14315,0.7942538987338841
14318,0.5371126851826049
14319,0.537312751448268
14325,0.5840076185818975
14331,0.3442461299074982
14334,0.31160547977931224
14341,0.5427971565504243
14343,0.8438901159188168
14344,0.3419001914414817
14346,0.33752374344783753
14347,0.3432647324254564
14349,0.34844802428767674
14352,0.333339999598761
14358,0.3428366830274352
14361,0.35234971857422664
14363,0.6813463087337129
14374,0.5032614911166501
14376,0.4217755856572278
14381,0.55383520241411
14398,0.39674227256157735
14410,0.362886584938277
14412,0.4540286411350492
14415,0.4540286411350492
14423,0.5379939405048014
14425,0.3622614817513151
14436,0.3551697140313922
14444,0.3527433011730238
14455,0.7712996091881216
14465,0.3558258613606732
14469,0.38165156024579105
14471,0.3196694606948721
14475,0.3419397291477314
14479,0.3540567993000111
14480,0.3414268603235645
14488,0.5207357603274864
14491,0.752546170598837
14501,0.3739459240120265
14520,0.7569407372917665
14522,0.4975590506652681
14523,0.33954841637532196
14537,0.6990327048476546
14538,0.5477125174809452
14550,0.3513616348589186
14561,0.3584571419515373
14575,0.37488395167245425
14586,0.3584526084414912
14592,0.3898157305930772
14601,0.7100886062959401
14602,0.3783156846124361
14604,0.38766582187283466
14606,0.37459376419447354
14627,0.3468618303528644
14641,0.6651641164130877
14652,0.3313107209649869
14662,0.6195323964719657
14665,0.4991433679714111
14673,0.4945610210466342
14675,0.421703522229719
14679,0.7119618288896988
14683,0.3586199734588358
14686,0.32914993091683536
14705,0.46848826535606164
14708,0.34719609892277775
14709,0.750549932536348
14710,0.32725606021705556
14715,0.5121512098862437
14717,0.36132460083579954
14723,0.3530691481398135
14725,0.3165610321942035
14727,0.5548524526738583
14728,0.3561328280222332
14735,0.34565619333600633
14746,0.3285814150744785
14752,0.5393438238330323
14757,0.3086917011760235
14762,0.34651131325734574
14763,0.35682638285234036
14797,0.360322972643473
14812,0.3617203713605107
14818,0.7342573726033655
14825,0.37746961756015485
14827,0.3745061020550997
14829,0.35186843098327186
14830,0.4371040092333491
14837,0.3592073258410294
14849,0.3446265641251589
14863,0.35886866817598584
14869,0.3786669001263857
14882,0.34665402923921385
14884,0.6768249057271153
14886,0.6746803162184668
14888,0.7854370557400641
14890,0.3516310755577066
14904,0.33109403579808033
14938,0.36230147842665555
14952,0.3420827579188542
14958,0.7617475377094761
14963,0.3545452194903842
14979,0.32018140917051263
14980,0.3474141184324849
14986,0.5165060145116329
14988,0.43123147758665775
15003,0.3170431636434202
15006,0.7350117317013097
15009,0.9189032852323767
15015,0.7510054287647311
15024,0.3376015055645415
15030,0.6956913910224497
15036,0.3520364556866032
15038,0.6694211614524269
15039,0.3520364556866032
15047,0.892431256148069
15049,0.32817248515771164
15056,0.9021760144919502
15068,0.3645013728220961
15070,0.3706734109997392
15073,0.352688215302752
15081,0.32802318600779384
15084,0.3003474017617467
15088,0.8806771123261959
15092,0.29045179888228845
15095,0.32905798639105005
15097,0.32757092916729763
15098,0.3163485404141937
15115,0.6949557586340105
15120,0.8170041586401022
15126,0.3119446053586131
15133,0.5173686891756792
15143,0.3271358872265584
15156,0.4336793905178928
15164,0.19316761831262666
15178,0.41070606818121475
15198,0.8338818841866947
15200,0.5793319825150963
15208,0.16859159136405175
15214,0.31042565328276994
15218,0.7920909195382423
15231,0.32886553087546244
15238,0.31406040108906547
15239,0.3284694524440899
15240,0.3748112899621331
15249,0.3333378812550681
15256,0.3310238740020384
15260,0.6493486947228183
15290,0.33751788567045016
15307,0.9235603806484871
15308,0.7432040676618015
15321,0.7291189385897926
15323,0.6286557302735758
15325,0.3484780792202572
15342,0.5985228047072731
15346,0.3511314521634983
15349,0.35479393400698306
15354,0.33607762035778
15362,0.3498549797158217
15379,0.3175490430155001
15383,0.3318544944194797
15394,0.28730041952761853
15401,0.5208752455519451
15405,0.34828955201231754
15407,0.34828955201231754
15412,0.5066274029032765
15413,0.5109420762478404
15415,0.5914987019645875
15427,0.6589120138757245
15430,0.5635993796790982
15436,0.5399276725122364
15439,0.34896464968669494
15443,0.4696297972532859
15444,0.7657755583558441
15445,0.6997413533877943
15450,0.266952372987155
15456,0.7158966257754275
15465,0.3339730138086634
15466,0.23610255258841728
15470,0.3275197108698179
15474,0.6615701438079257
15476,0.3233789513319472
15482,0.3148171628222474
15492,0.26922377380292806
15510,0.5635160213168025
15519,0.35523490360529186
15523,0.27903025291996236
15535,0.6193840936104167
15561,0.8680823901604147
15564,0.6259853280432266
15566,0.3341378283650048
15579,0.36751817199462933
15580,0.6234278997082024
15581,0.3702759827443009
15587,0.35826647164249725
15589,0.36720281393335485
15591,0.4890126876986187
15597,0.3739423695318706
15620,0.7232940727751522
15627,0.6652779769261168
15636,0.7165238186705096
15653,0.35655746688372403
15662,0.8941135529958028
15664,0.3651693264771963
15666,0.5343614168905486
15667,0.2747913383302192
15674,0.6007794841945876
15692,0.3500144620338506
15715,0.2848962049092976
15736,0.5453157875913063
15744,0.6606798577056106
15746,0.3031774217296713
15758,0.3544931736321053
15760,0.32270300081846753
15766,0.3382875464545819
15767,0.36490540955237477
15789,0.6741722301875255
15810,0.3222456386171521
15818,0.3508515809385105
15820,0.35018838212939013
15830,0.3893678965966147
15844,0.290708685423557
15850,0.284103151194034
15857,0.35549719272177926
15863,0.8953545605559968
15869,0.3295771049010205
15872,0.3622526885713837
15873,0.5248113198996603
15884,0.2846587222860817
15885,0.6687098054210598
15891,0.7882677184288609
15898,0.3637017835461217
15900,0.3306280876245592
15932,0.3391388988408164
15940,0.29719689617848466
15944,0.3124305867385525
15945,0.3301793797069067
15963,0.5945390450414207
15970,0.3435489806177011
15977,0.2965398801362708
15982,0.302806443129956
15985,0.33566825530181865
15995,0.35433425330070173
16004,0.3237931411973166
16005,0.3555369290615747
16011,0.33744453097450283
16019,0.7471588942080392
16021,0.34033034987360383
16051,0.7456943789336804
16065,0.35608446046010617
16066,0.2997151986140253
16076,0.3555369290615747
16091,0.3396260092767588
16094,0.2467016624486746
16101,0.32368274205590236
16104,0.7102717433434638
16113,0.7102717433434638
16114,0.5635663564042157
16115,0.7102717433434638
16127,0.5501741556341717
16128,0.3206181047836379
16138,0.6628973608983885
16139,0.4646515712024336
16142,0.32852221546876414
16144,0.4890021229592469
16148,0.6970377692206045
16151,0.32775868711839556
16156,0.5172141526128313
16165,0.5193503879830629
16166,0.3092334255319429
16179,0.7299251671683228
16193,0.6433901931492754
16196,0.6452605460010028
16198,0.36012514300335646
16210,0.5859655331295067
16232,0.4277002669717868
16237,0.3353390184853935
16240,0.5521002826522867
16252,0.5519276863205353
16259,0.3270122164304775
16262,0.36935065941852907
16263,0.3235429161411919
16270,0.29481513806882237
16272,0.32713320167601656
16290,0.349337333719482
16295,0.8668634093488492
16297,0.35654304719133106
16299,0.3457514207768863
16300,0.32943087803895726
16302,0.34771137518174167
16303,0.5204789602003418
16305,0.559750579475884
16309,0.3098708540350038
16312,0.3464956584434331
16320,0.43123147758665775
16326,0.3319576004766999
16327,0.32997983482422766
16338,0.3514482607028712
16342,0.3534922813113584
16346,0.5058982875220475
16348,0.34376672831463007
16355,0.5359732116004289
16356,0.5560241896240514
16378,0.725488007049775
16382,0.29741975115475255
16391,0.32232203781568564
16392,0.329727692473821
16395,0.6737854362220679
16399,0.3171772475191407
16403,0.3224444106634233
16408,0.3119361303089168
16413,0.38346646920177385
16415,0.3305690873107853
16417,0.6648087154654656
16420,0.3694830026954938
16431,0.3579124068907827
16439,0.5774710308641209
16444,0.7069742823746894
16446,0.17792813607933883
16451,0.5528363357702811
16454,0.3384107317357606
16461,0.378084857361104
16462,0.38483673809684066
16469,0.3614094182077297
16484,0.36864651149684735
16486,0.6607452854758634
16487,0.36423890073096693
16491,0.3410860060636715
16494,0.34741622819048307
16507,0.37286644014610154
16508,0.37109181746758196
16519,0.36188741022074444
16523,0.3593855745377343
16526,0.7668846495951338
16530,0.3456538624600382
16532,0.7084216006466388
16542,0.332399121428397
16550,0.7063534500673683
16555,0.3367194880387812
16558,0.31821773742257486
16567,0.715510550270368
16576,0.3762851429651912
16579,0.365900392455957
16595,0.516866944180415
16598,0.27436391399396354
16600,0.35790444732181376
16604,0.824834867919793
16605,0.8101198598324513
16607,0.6889802853889881
16610,0.35343928873376124
16612,0.8678333687731558
16617,0.6608868608933341
16625,0.6847300275592774
16632,0.655654149293807
16634,0.6065389129160331
16650,0.3266784962554837
16654,0.3482572135775044
16655,0.3472085272454279
16656,0.33966142925445025
16657,0.47525889493505036
16660,0.46703250281312486
16662,0.5526350924718958
16669,0.3457244561244111
16675,0.6306481818389704
16676,0.33757170207684056
16678,0.3404832052539703
16679,0.3458482597026224
16693,0.33857430131031585
16701,0.3284033256063852
16715,0.3286941578725699
16722,0.692655766099227
16724,0.536876353611318
16727,0.5373478290033104
16735,0.3156402128684948
16741,0.3340153371215852
16752,0.3075227201487793
16758,0.29185223563699003
16765,0.30635796447822905
16771,0.3708490455699384
16785,0.2506836176617939
16793,0.48637300303580067
16800,0.3976268208859207
16805,0.32285364664718474
16809,0.23690580405486658
16820,0.5182421624760764
16827,0.47962045930321806
16830,0.4660906350830802
16843,0.8893981797558272
16847,0.3449120985255611
16855,0.7856115472444483
16860,0.7612433569839735
16862,0.687348356559762
16863,0.335009624167112
16872,0.2198341813262983
16874,0.3153797960971046
16876,0.38405349176903775
16893,0.34225910486446254
16895,0.3460950617395672
16914,0.464629585750938
16917,0.33621028939370806
16926,0.3334667293580471
16930,0.48330895083369285
16931,0.34024256566502786
16932,0.3539560404404303
16934,0.29200264258966185
16937,0.33004510137702514
16941,0.3345260993524563
16942,0.8903652656906537
16957,0.3582986276189534
16962,0.5891836958083377
16967,0.6082299421031894
16968,0.7703876714361717
16972,0.3420246986864152
16974,0.32546141472406975
16984,0.3759246471553172
16987,0.29826441547785315
16994,0.7086498429287363
16995,0.5683568471749714
16999,0.30347610659904084
17034,0.5507016569099771
17038,0.35020342261377435
17040,0.28183729565464855
17050,0.3375408044614654
17068,0.3260989724565101
17077,0.32743727829854374
17079,0.6576872497613384
17082,0.6319718338689321
17085,0.6571943651390085
17087,0.32772567644854556
17099,0.7601677670546134
17105,0.33743796720822017
17108,0.3079928963794201
17110,0.33609255048913206
17111,0.3327611537796078
17123,0.475298341370677
17124,0.3570498755975261
17130,0.5363287312674659
17138,0.36101283144086765
17143,0.766343638934656
17157,0.32388870496527705
17160,0.7268332040823339
17166,0.3614101631538924
17167,0.3475303477984026
17179,0.6072829129046808
17180,0.37401668631589746
17189,0.7257965263338794
17197,0.761403927931512
17219,0.5827786693981847
17223,0.31885280377199715
17225,0.7477463215357202
17229,0.8013558811026362
17234,0.3536904022780327
17235,0.3227416602510539
17239,0.3813169282484631
17242,0.3378682197763455
17243,0.37871129927109903
17246,0.5665407449842995
17247,0.2806030456976534
17255,0.2593339726235242
17258,0.5461355292797009
17260,0.5396040070928065
17264,0.5398527539315615
17270,0.3726153118174778
17271,0.3741781863781389
17272,0.3744483253289315
17285,0.3592771853503704
17294,0.3616233703932712
17297,0.38464682014024726
17298,0.62994747775198
17299,0.38333805165831764
17306,0.31360670855705863
17324,0.3630680386252872
17326,0.3509172079274518
17330,0.38047096445716894
17345,0.3057386114685061
17351,0.7162709151196303
17352,0.2985229369589291
17372,0.3035141594997075
17381,0.7341508599387134
17385,0.5597436972185161
17388,0.32821557025190295
17390,0.560964197419274
17392,0.7190078265187206
17399,0.30739796218528787
17404,0.33552404883555914
17407,0.3034488763985488
17408,0.4530827478926275
17416,0.6364196066931787
17418,0.3322269542067768
17434,0.9071354890132998
17438,0.5318022365699241
17443,0.8197148972546779
17444,0.3389148806398635
17453,0.5585071203099985
17460,0.49739352026725164
17467,0.3355958279742118
17480,0.37310877076176824
17488,0.557256678650604
17490,0.3311493591032941
17493,0.35105957128361637
17498,0.3290139754956317
17503,0.346385576741182
17513,0.35337489030521296
17520,0.521461961609394
17525,0.498766233025997
17534,0.349436105793312
17545,0.343799122728176
17553,0.34067904415872213
17554,0.3414837703876127
17557,0.3492062037072104
17563,0.5293775457034019
17576,0.3763850383807655
17577,0.37066494821782275
17580,0.635727291614045
17582,0.35086081346843434
17596,0.3626515985940187
17597,0.3529426025522749
17602,0.6837022145579308
17614,0.6117530323397992
17623,0.4779195467953282
17624,0.6129976741479395
17627,0.5870372140472885
17628,0.3387648124914794
17630,0.33649070157875677
17634,0.9018978420836203
17640,0.3482865418084864
17652,0.4848151551292179
17657,0.31062311661023534
17661,0.30929974321012926
17662,0.3322453207780657
17666,0.34007643283994
17682,0.7096631686406915
17688,0.552485743296953
17693,0.46244375235436463
17705,0.3551703463242031
17711,0.35197588849062894
17715,0.3343495996596867
17717,0.342112271332447
17721,0.3413227992338434
17728,0.2569643810403911
17737,0.3534685228306348
17745,0.3567350039683665
17755,0.3363273996022834
17764,0.7309068029511103
17774,0.33288106351244207
17785,0.31994595548163907
17786,0.7217803151362322
17789,0.3420059816442532
17802,0.39420853216726354
17810,0.6848513952821502
17819,0.7226056460602394
17825,0.3268103671077969
17828,0.35127222597617375
17833,0.3140048148638617
17841,0.7140194870633901
17842,0.3652859228828497
17844,0.32128443928968264
17849,0.3546419568854067
17855,0.3549411290894677
17857,0.7880798602331944
17861,0.3338915465734473
17863,0.34538570927567147
17868,0.32513672729763227
17876,0.6157333623439671
17882,0.3321876021317547
17885,0.33883467911709375
17893,0.3457414202592009
17894,0.33565568123391126
17902,0.742836605003984
17906,0.3440830562111477
17911,0.502911335207611
17917,0.33357002397084634
17921,0.33309312942500885
17941,0.3342322332196035
17945,0.3474254515520407
17949,0.3101149309086653
17954,0.3277505888464752
17957,0.33585907138143173
17958,0.7054285802998851
17960,0.32992407952805786
17985,0.622161334396158
18000,0.40531403915408964
18002,0.5716690368683821
18008,0.27568688676462233
18014,0.4569181595830487
18015,0.8992471023741976
18019,0.23746656616489994
18021,0.3042104319290281
18026,0.2643866391550145
18029,0.3362797589833083
18034,0.6603172548653091
18035,0.3348466507440114
18036,0.46521060986143375
18039,0.7530278378038431
18066,0.3405023952583081
18076,0.3479564401003974
18089,0.2959041308077619
18104,0.3437127275871036
18110,0.36723290440328943
18129,0.668629571998526
18131,0.6999364686643218
18133,0.33042264529076926
18136,0.3335148828173834
18148,0.4839634255285057
18152,0.2390559769923286
18167,0.7129546934155007
18177,0.34857154173068855
18178,0.2886977166466145
18183,0.35463847238734375
18194,0.5661125528121974
18197,0.5938419620306723
18213,0.2607636199853517
18214,0.3282879462192044
18221,0.3257672560972835
18227,0.20100500925311207
18239,0.8864894662850468
18245,0.37102359372341537
18266,0.32590037902616054
18267,0.5215698644909214
18274,0.35220590212141
18283,0.3226754407663711
18297,0.31126188261555876
18302,0.3071038252761678
18303,0.6325502751897057
18315,0.35814704369174327
18324,0.29937022843624955
18326,0.6007722117867852
18334,0.3298949977521015
18336,0.33023307652524647
18344,0.335308045663424
18346,0.34188065620871655
18347,0.31961874260504025
18350,0.34139885375535267
18352,0.457246050472856
18364,0.4957399404594682
18366,0.3504082872015651
18373,0.3263379654017594
18391,0.31778694665578017
18393,0.32949416069692905
18395,0.6156595394097435
18400,0.6650846593329487
18408,0.379692811296436
18421,0.5366170405677393
18425,0.5993523185947243
18443,0.31400762977326296
18451,0.3139823523894118
18456,0.3215324096521082
18458,0.6521295262626972
18460,0.2537309499135115
18467,0.3680126989089395
18468,0.33678902474082606
18475,0.4460641115590329
18485,0.23672821567684646
18494,0.7136791942956415
18495,0.8306204332486911
18508,0.5327498062621249
18530,0.35391410902796655
18533,0.3513266185152531
18547,0.28764926792121376
18548,0.3102089465332917
18553,0.24944478237047396
18561,0.3360707202524007
18565,0.7967541733288718
18572,0.29939710030198163
18593,0.3185422802691437
18600,0.33697187430854847
18621,0.5521365167104475
18629,0.7477668470794544
18637,0.32144903280139475
18649,0.3403335681169789
18653,0.5111039589622772
18660,0.32357736494883976
18671,0.31206335836885296
18672,0.2575482152570005
18677,0.30883056896395633
18681,0.6531527416101008
18684,0.8814229580931388
18686,0.2914931411128159
18689,0.47392256865812415
18690,0.5049296467623737
18709,0.6053568991579777
18716,0.7894225306566792
18723,0.5951656206271748
18773,0.3235799649683792
18782,0.3645743435226317
18797,0.5641656042713423
18810,0.3477449631535847
18817,0.6058611679142069
18820,0.7827974831072458
18825,0.284837806716013
18837,0.5866095039239223
18850,0.6035144909555188
18857,0.5169718109953871
18861,0.6158410351119101
18867,0.31618924455079916
18870,0.2799752972485912
18877,0.6767918693215658
18887,0.4063449411914753
18898,0.3333164071670126
18900,0.6109384852236397
18914,0.6128889578915007
18921,0.5818877378087027
18922,0.6831860063425687
18945,0.34331994058511606
18947,0.6739022924808199
18953,0.4400842509394149
18954,0.29674543159892414
18957,0.5089503680602244
18960,0.5959056136594747
18973,0.3287035518108626
18983,0.5012420153214068
18990,0.2648161702577697
18991,0.24768585259363218
18993,0.2973112584629166
18995,0.29387884241003853
18996,0.2831802873919701
19003,0.26663791028678924
19014,0.3545516239646636
19015,0.3545516239646636
19019,0.5907350832793287
19028,0.3461367703898072
19038,0.5244299517419608
19040,0.4650735190927593
19046,0.34325361740488514
19051,0.29198367698520544
19054,0.9111224161224522
19056,0.35075735496161353
19074,0.3305273569982113
19085,0.6420604114390654
19099,0.90664132341326
19124,0.3174789570827346
19134,0.6022861782666593
19141,0.3365180774928215
19146,0.5887543877290797
19150,0.3157830370790179
19170,0.3562289741022481
19176,0.3570493444291617
19187,0.3655164145352659
19189,0.35882071504261576
19202,0.6028129441612372
19208,0.3301047239387505
19209,0.3269054483069975
19210,0.8220106590885272
19216,0.3426205748465156
19217,0.3072166140348887
19218,0.7167261544489095
19223,0.3310018090178267
19240,0.29071395861248195
19246,0.47745085066983595
19269,0.33838452900016464
19275,0.6936895570084872
19287,0.3245582072719733
19298,0.3654314338014085
19303,0.36858271374251717
19313,0.6084930911477826
19325,0.32755411456833045
19326,0.3501352102589307
19328,0.4346774071514749
19330,0.34832598881923466
19340,0.5471657766704486
19342,0.3504266178565742
19343,0.3635664638715317
19344,0.5291303593813701
19363,0.3021755655099872
19364,0.5267014136162864
19371,0.29309601570378513
19376,0.3274190832414938
19377,0.30843095700023027
19381,0.345654176672138
19384,0.5089329345470264
19390,0.4760194300892692
19402,0.3125848068057466
19405,0.29264275242516097
19409,0.26877070326666613
19418,0.7044877733517211
19429,0.5844088269416572
19446,0.607832893642209
19458,0.6686337886980444
19460,0.6652852106163203
19462,0.6890959077631846
19465,0.3585406278421038
19472,0.42672592991664343
19480,0.31641244657009704
19503,0.6800421081833619
19507,0.5914637131944018
19517,0.3537217798417803
19533,0.3097633935462943
19537,0.2913070684522735
19541,0.3355875746072013
19563,0.31281760798233366
19566,0.7491748150375153
19568,0.5864834874537254
19576,0.3469987132464829
19591,0.306381289406064
19597,0.7119454044657715
19619,0.5773373773004118
19622,0.7760969589253656
19623,0.32969538837887663
19624,0.3218779084458159
19627,0.3283689185394558
19629,0.3192023045151942
19633,0.3344676730183511
19639,0.25255963663964787
19641,0.32437604599743836
19643,0.3217953300812479
19649,0.3477428380080693
19652,0.7946210672424013
19657,0.30558908664388473
19660,0.7473072608686184
19668,0.7627041018761049
19678,0.30283200440114033
19686,0.660528467146292
19690,0.2924478744215451
19694,0.3439595026702131
19695,0.3407790876359311
19702,0.7448619207404458
19712,0.4519552011347839
19720,0.6528247181370627
19735,0.6087920537218178
19739,0.2918928590382774
19740,0.603461657569682
19743,0.2579165844271932
19750,0.5164393981746636
19752,0.6100452367163706
19754,0.30566858935846963
19762,0.5168267332101926
19770,0.28893705230714334
19775,0.4932716537513141
19777,0.30879481944123943
19782,0.3038306136176626
19783,0.7954177974992986
19786,0.2736627012719244
19805,0.3238954001071853
19808,0.3044518164543095
19819,0.7132572533184726
19821,0.3270710733090922
19827,0.3213820709098864
19830,0.5013725303488235
19832,0.4700427874224275
19833,0.3269981024481709
19834,0.3104299493264241
19843,0.31809900969030297
19844,0.24322096050886285
19846,0.2891376341707205
19847,0.31808476666725455
19850,0.8174100140492716
19851,0.2859875297315279
19861,0.6123017022653414
19873,0.5755409326675249
19878,0.26628398073240406
19886,0.26162896359072774
19892,0.6221599795827654
19901,0.2765857521884413
19902,0.6322575370423195
19920,0.7011747665879798
19921,0.30326422636455136
19922,0.31068258697426826
19929,0.7884829331432401
19932,0.5238965874398959
19935,0.3308470643250313
19936,0.6009669387187908
19946,0.7641255346514297
19950,0.5961942644740325
19952,0.5176310528763853
19955,0.431253296996178
19976,0.3333732125207252
19983,0.5949074824876848
19987,0.2976576630017617
19991,0.7407169059881499
19996,0.6606965847191726
20007,0.7774957270792895
20015,0.36756710647550717
20019,0.25412907193551537
20023,0.3712155358053255
20034,0.37196914743265386
20036,0.2992302067078251
20038,0.3614149952262663
20039,0.35694768023131856
20040,0.7109574105106007
20045,0.6025409375713515
20046,0.5960788654605778
20048,0.3553152666579468
20060,0.3498134865909212
20068,0.3319844870725496
20074,0.8760803733927145
20111,0.33798822075149376
20117,0.29496445693275586
20125,0.3399172883043051
20129,0.5357857174475444
20134,0.3380388698053801
20135,0.3305700542512318
20139,0.2982092766131229
20142,0.5745471353974261
20147,0.5945300729748275
20154,0.7943367136430577
20157,0.23899299924110187
20169,0.15946570814461383
20179,0.24670701289291072
20202,0.29020805578509373
20207,0.4804864167382109
20215,0.32619308007172265
20216,0.8312936899876819
20217,0.6239183834600336
20218,0.5713077123899325
20219,0.5572385973307181
20226,0.3100838564574972
20236,0.33510193432125035
20239,0.28443469912753977
20246,0.3370583217520796
20247,0.28669843774913484
20253,0.5728167890783245
20255,0.27451018589604015
20268,0.3556913505022403
20270,0.8083533791825164
20271,0.347073669019629
20279,0.3998737090088613
20282,0.5732489283619041
20295,0.28246162214189
20302,0.28654962179427385
20305,0.5287317658378984
20306,0.5497243816572527
20308,0.26943990199809753
20330,0.608694769535523
20335,0.5808443046066148
20344,0.296803366260745
20349,0.8968357231896529
20360,0.3187456208807617
20362,0.7135981706707484
20378,0.5274866679360316
20394,0.28094564584116477
20397,0.7618999180078666
20403,0.32077256446458713
20405,0.5659898884223205
20415,0.32261014006247496
20417,0.30119746770387346
20420,0.3019064444522047
20425,0.5430601475394505
20430,0.6530009088650561
20435,0.5062357023718158
20443,0.43635062762377363
20446,0.5571428632537834
20458,0.2755359863862547
20459,0.7279599228542627
20467,0.300321796800157
20470,0.7958399138712945
20482,0.6695236916422087
20489,0.6215563729551996
20495,0.34533273225978667
20496,0.3605129943929408
20497,0.6150933127284598
20505,0.30701875061192047
20509,0.6946577262475232
20535,0.35266679887569063
20539,0.7924048542932336
20544,0.603526149364961
20547,0.3570353930496018
20556,0.19352071848978109
20557,0.5080080062951542
20575,0.3479407008699113
20577,0.36613627471696314
20596,0.33379342564374004
20597,0.30811344699882093
20602,0.33597440132507583
20603,0.38209301816927793
20609,0.7271251303682121
20618,0.3346252752809169
20621,0.6468411597442119
20628,0.33040640762136964
20634,0.43450221047024207
20637,0.3261031660111432
20641,0.3426789631056002
20642,0.48687781413598374
20647,0.2969519715046297
20655,0.5642675227081744
20656,0.2032805772004262
20661,0.28661092081455447
20664,0.8063207847930868
20674,0.8496148204324241
20679,0.617906034849794
20680,0.3331810206609511
20683,0.9350994937811034
20687,0.32468649967702634
20688,0.8008328470829439
20695,0.33162602870193103
20696,0.34631472247979206
20699,0.3253283514498657
20701,0.31156380909318176
20702,0.3096209843241398
20704,0.3401087994274119
20721,0.3260589997698077
20725,0.24919729392743062
20731,0.3047204647820729
20741,0.34119268397332864
20742,0.2853614167715463
20753,0.29892549981648026
20756,0.27298732677407084
20769,0.24833429150424172
20771,0.4776089549808713
20774,0.2721033979677635
20777,0.32969325576824976
20781,0.3282595191875163
20797,0.6032260326941636
20808,0.41724043409955947
20810,0.5238667932137855
20820,0.43326438764185143
20823,0.9188162255261317
20829,0.6764831904795651
20832,0.323214698617637
20833,0.32818841845907964
20837,0.3197663058469906
20838,0.3135872823995445
20839,0.33037071025310405
20847,0.2809248284308367
20861,0.3695119559787962
20869,0.9085328522857526
20875,0.2485578794799874
20877,0.5222425679424809
20889,0.330820082339014
20894,0.7336772800291513
20901,0.620278359038072
20919,0.34167739982513085
20923,0.342655479664342
20935,0.6945081316922688
20937,0.31927738651349097
20939,0.6855055419098252
20940,0.3186152629906082
20943,0.3221852130986564
20946,0.7039985436355488
20950,0.6117062690289901
20961,0.8607012055542863
20965,0.34600605171360477
20967,0.6066880093997505
20969,0.3324320850484707
20970,0.35268544504200594
20975,0.5103448846634215
20987,0.628199872565077
20995,0.6463371294350595
20998,0.7008881668881495
21002,0.27460946820966214
21012,0.6608890161324411
21013,0.6143894864661595
21015,0.3300279394506484
21017,0.25433014059798165
21020,0.21280002229226552
21028,0.23504412457365875
21031,0.25937859280506503
21036,0.27628640315219666
21040,0.27988353455351106
21048,0.4833522343542533
21049,0.27032408414899844
21051,0.4056429552425169
21070,0.2907746431400269
21072,0.4496517157519983
21079,0.4893849604474127
21090,0.47415181904999704
21093,0.35352949372215836
21104,0.18799026423061427
21114,0.3400641581835895
21117,0.38238397269445856
21120,0.3276118008258658
21121,0.3279035868259871
21132,0.2914856419124701
21136,0.4362101314841876
21139,0.35386585320291547
21140,0.3080922123466486
21146,0.5456672739662621
21150,0.36245149822910133
21178,0.5766528546567752
21180,0.665327311537477
21198,0.28421262984634815
21203,0.24001706303024511
21210,0.23783035717796736
21218,0.33533219264751885
21220,0.31932081819990055
21222,0.2508873701586642
21228,0.6867518691864328
21236,0.4683759324684011
21239,0.29733010125589004
21260,0.2278880076413387
21267,0.2837589285823083
21271,0.23042758675372702
21279,0.1998231193131007
21286,0.26151090757506096
21288,0.3605945908947301
21294,0.46976359298736
21298,0.31045099848941277
21299,0.4678937637772657
21300,0.7247980536488232
21304,0.32343458962442767
21307,0.3033691182453038
21309,0.30788744903421017
21311,0.30216173987201234
21331,0.3095290912437495
21332,0.84977680587928
21342,0.4302176192086023
21345,0.5601666772115772
21348,0.6791318394549168
21353,0.4502259166391803
21357,0.2899767150726995
21369,0.45721539610813877
21370,0.5495563266298821
21371,0.3796001197631982
21373,0.20844115085744858
21385,0.5087743689414232
21392,0.3146042855882856
21401,0.37596801043148087
21403,0.2718566628621476
21406,0.5243572890992808
21413,0.3740877928360164
21414,0.4759633951005406
21416,0.4976797553424472
21423,0.8093827889692301
21442,0.2671376773146016
21443,0.2527980607802604
21448,0.3307051967059901
21459,0.5027503063487131
21467,0.30159221193139896
21474,0.45254586583012507
21484,0.7063298067594741
21488,0.6309009571648527
21495,0.2960125707977488
21498,0.22606213320168014
21502,0.27825936631446235
21503,0.497576167297436
21510,0.49530578480761156
21516,0.8278456079529163
21533,0.70025761548677
21535,0.26789260775107687
21539,0.26010147022536734
21541,0.3419413465404628
21544,0.4575359153920885
21554,0.702236267839099
21569,0.2584972714441984
21572,0.3088031278806962
21578,0.3206041942343105
21580,0.27768195449896393
21584,0.2463847673174577
21589,0.6822919511249894
21595,0.3266469271312478
21598,0.5620567614770872
21599,0.33612368757583766
21606,0.30704125473132077
21623,0.3020463020083457
21639,0.39669048646772864
21641,0.24740642976675514
21645,0.2148221923091583
21647,0.42314724871840775
21648,0.16681832909019015
21657,0.31073019668838014
21671,0.3514199945320152
21673,0.3646844989094749
21678,0.3100586436187877
21696,0.436189088386627
21699,0.4276504317636928
21700,0.3016339687861351
21703,0.3212323683606274
21710,0.3074491093551944
21721,0.2126917424072564
21727,0.25533306747613016
21728,0.8292826752624162
21731,0.3232469526360931
21741,0.3264060980518962
21744,0.7227186936561035
21748,0.23784492121644252
21753,0.20660597233168695
21756,0.31063863681490944
21763,0.3886298865215301
21767,0.29948302428221235
21772,0.7755140087798044
21774,0.3950474426977071
21775,0.6105153710711029
21780,0.508664990948479
21787,0.4593679163272024
21805,0.31784918827022635
21828,0.27677692053322656
21831,0.3352842541037967
21837,0.31714224517136813
21842,0.33994388157291544
21849,0.3469696749987893
21856,0.3649841626466974
21858,0.21508519869992643
21862,0.2104009170640647
21864,0.2598397644643911
21867,0.30658803567375575
21879,0.33215272809143487
21881,0.37943246441274864
21883,0.35701616079930476
21891,0.44774178044493984
21892,0.336526555553221
21902,0.21492008223038267
21909,0.26964345108171817
21914,0.24495141500502324
21918,0.2732329765427534
21919,0.27342493163872217
21926,0.22727341783208346
21930,0.4748916941847007
21934,0.5131751749998643
21940,0.24181704406422938
21945,0.23165078534368502
21948,0.734129031354092
21953,0.246917509697401
21954,0.31322217828096904
21956,0.36740906566007386
21963,0.6393623277206812
21970,0.43671012793429737
21984,0.25504805600332403
21997,0.25693830935921114
21999,0.1468257339577596
22001,0.25903071368484254
22002,0.15341178724879084
22010,0.6258923601170117
22013,0.23533506023735076
22022,0.24831178544979815
22024,0.23533506023735076
22028,0.2301440857804795
22029,0.6409019206090173
22045,0.2828607481766658
22049,0.26707596128833044
22064,0.580939325794756
22069,0.4052982965957622
22074,0.2453134440777743
22082,0.22808501154518332
22084,0.2551536485984523
22090,0.6081498377793902
22096,0.5829243685803772
22100,0.319250356329746
22105,0.3206955182076418
22119,0.2839062530102184
22130,0.26273213733462925
22152,0.5431905588359789
22155,0.2118939731011173
22164,0.21863737815611645
22173,0.213143276496024
22194,0.35728323332033546
22209,0.2977117997900592
22217,0.16421084646340775
22220,0.2055717894733421
22222,0.7449048543285343
22244,0.24392582804547452
22245,0.25734531855338544
22250,0.41664045670589106
22256,0.7795128306181063
22261,0.5943989538164639
22264,0.19082198282796192
22270,0.42574182165689134
22279,0.6156735272952213
22280,0.24433509034116746
22284,0.24246335317125076
22288,0.41297086740267225
22293,0.36658993296608444
22297,0.8964633391966496
22307,0.313443362368683
22310,0.2850336705569404
22319,0.5831691409832365
22324,0.2887997504252387
22326,0.14902154242697138
22327,0.27191381850480084
22329,0.3040275790252881
22331,0.6188084299837489
22340,0.615228954750337
22342,0.5988203606402174
22347,0.38659345069835765
22351,0.2353726620601879
22357,0.22866796902069672
22361,0.23718480196606384
22371,0.32659336132685846
22373,0.3705258332854042
22391,0.4524814866677682
22404,0.6825217600305861
22409,0.7466603344401685
22411,0.31245448132605186
22428,0.5836045802644103
22436,0.6410963125126178
22444,0.7254197934693184
22445,0.28495873123720444
22451,0.23600161749643458
22463,0.2387493981682193
22464,0.2266418428200641
22467,0.7272135891714462
22472,0.2588442964145208
22485,0.7235903031518307
22497,0.24962361574552222
22504,0.6802656183293798
22508,0.27622437386676213
22516,0.24666200827371865
22522,0.24535535352473256
22527,0.41635816891237826
22543,0.7960237739426258
22549,0.27738296792792233
22551,0.5012149908764258
22557,0.47776970429813714
22562,0.30723201051262156
22567,0.2568280034156826
22572,0.25428452284349534
22575,0.24478295094832997
22578,0.2786645172336607
22579,0.2635108707055457
22580,0.26377312919221824
22581,0.24059101148284606
22591,0.6053014784945232
22593,0.24077871768975578
22597,0.19375379758975791
22600,0.4103069771219109
22602,0.3634026322535057
22603,0.35500137739687027
22616,0.4957119000704978
22617,0.2113134298273246
22622,0.4493805097583535
22623,0.3005622619677024
22624,0.27735084619008527
22628,0.2899908770735709
22640,0.28528818615922263
22641,0.37108190869582613
22653,0.4906986542537921
22660,0.2690581124738794
22672,0.6128667918803333
22674,0.2814574760858242
22689,0.4054129361200452
22698,0.3497527547256318
22705,0.5298804680395924
22709,0.8181799391924597
22711,0.2678984412938059
22714,0.7467739327360605
22715,0.2961837254663446
22729,0.4158021131207457
22730,0.3755112750368285
22733,0.270727660806056
22750,0.2584342589433209
22754,0.6383613576986029
22756,0.6402623051393014
22758,0.5097582811239861
22767,0.8185211347565416
22768,0.32660835177683323
22769,0.7951790063762223
22776,0.3453784030269398
22778,0.2518013677065868
22780,0.6039862120931996
22789,0.3056615502683625
22797,0.4588964678211621
22799,0.5100627570216255
22814,0.23635343853784188
22818,0.2731180802732552
22821,0.42795172026635986
22823,0.4021405214927155
22841,0.2361820743951194
22847,0.5293945312266883
22848,0.4597062245114703
22862,0.28882246517155485
22875,0.7576356834208212
22877,0.7948297336130726
22887,0.2617164897773546
22892,0.26861122622695766
22899,0.6306535940787988
22901,0.676737565794041
22907,0.4075502107795812
22909,0.3904491690536114
22926,0.4295633575763827
22927,0.36265199603036674
22930,0.40014733970175953
22934,0.40611695613267573
22937,0.3556663609607166
22939,0.7954496635894489
22949,0.3459379432926427
22951,0.4714857936974857
22955,0.33256799420754174
22965,0.8799855396409632
22966,0.6733293357644485
22968,0.8673340156112814
22972,0.5401692490574106
22975,0.5401692490574106
22981,0.36460106187465346
22988,0.38946210056936503
22994,0.35521632306065815
22996,0.7891076791671358
23011,0.5914667243285074
23028,0.4065333695017884
23031,0.32010776912005434
23035,0.3498989823475307
23038,0.30003990595820734
23042,0.3808263463607563
23049,0.6754692050723526
23051,0.9395824331522568
23053,0.2916807406490224
23057,0.773187487397113
23058,0.17893013443076863
23063,0.41687613975802446
23064,0.39272121454885706
23067,0.34600549329822694
23071,0.40195300281897045
23075,0.23435475809890177
23077,0.7327269946034876
23090,0.3562439845249764
23094,0.6589827172774834
23097,0.35887791632989985
23103,0.2652126160127631
23107,0.6091978846195548
23117,0.37001489571234214
23122,0.33499377342333847
23124,0.26244938523068234
23126,0.21873570667688932
23129,0.7007008683836572
23136,0.32484417062237136
23141,0.37853360494746696
23142,0.36692803217040393
23147,0.3583579487121725
23154,0.372890862113688
23159,0.3724275220205768
23165,0.37728194022507255
23171,0.8138409731162042
23173,0.19247389551326963
23175,0.3359139952111795
23179,0.9172365447456957
23182,0.7528134452958383
23185,0.388150616335193
23188,0.40344328976368815
23189,0.39155654197021755
23209,0.3580624460997255
23214,0.32484417062237136
23215,0.4101547432478354
23233,0.32932921901771867
23241,0.314064947752072
23252,0.3751432893819947
23255,0.4947610933441976
23263,0.3792750411729821
23281,0.34275596694106947
23282,0.3101429589251804
23289,0.3773950484698621
23292,0.35491241007900964
23296,0.3072214386264239
23297,0.2968627461971217
23301,0.3070985702697958
23302,0.15872425413269528
23304,0.346260354546691
23309,0.32027577647275673
23312,0.37823035285387835
23316,0.3268906575010784
23321,0.32233009242015503
23342,0.347253569066241
23344,0.368301162815698
23350,0.3511746551938392
23367,0.6514661235561584
23368,0.3432793147131422
23374,0.25292958170427243
23387,0.31656767454048906
23389,0.8087728430697154
23399,0.7929918505886489
23403,0.7986836471828972
23406,0.8822007303083375
23414,0.31420694281549305
23415,0.35233974172150456
23419,0.6806968307328617
23436,0.322242736147202
23439,0.7800264547329437
23444,0.5079414839835117
23445,0.36136888981262627
23455,0.30612265323306265
23469,0.30139973054246355
23472,0.31263017006429383
23477,0.36747693835271694
23478,0.6713856221760256
23479,0.3312036173279068
23487,0.40038328630522535
23490,0.319593497780044
23491,0.7970686121266038
23492,0.2827667205003902
23494,0.31932354439925087
23496,0.2673417943171639
23497,0.304249076215631
23506,0.26194291164100486
23515,0.36062879213047105
23528,0.3820363242776206
23532,0.3676866716785923
23549,0.773418925743561
23551,0.3165588684606978
23552,0.31196620268942604
23555,0.3651362847695703
23556,0.3613792337204974
23564,0.6839436631848156
23583,0.3284451716819754
23592,0.3774716983837954
23597,0.9106033171716885
23601,0.307440623505938
23605,0.706516183303418
23615,0.3290957114950131
23619,0.354120912970954
23621,0.9188635580106113
23626,0.7674282701548211
23635,0.4949094335384246
23637,0.3453823576746829
23640,0.332639499396474
23646,0.32473222453830886
23655,0.3470094946320243
23672,0.7470523610557517
23673,0.36964037472761746
23682,0.2843870235314333
23683,0.4800789756284189
23699,0.3422274613616571
23704,0.6914430957574111
23707,0.8915887193816976
23713,0.3258977660627849
23714,0.2600142110500985
23716,0.30149984107042954
23718,0.6914430957574111
23721,0.36396663593457806
23735,0.32902576205077144
23737,0.3526947162456693
23744,0.3610964882885254
23749,0.7105564950325501
23755,0.40733567055603
23769,0.6847575437779903
23772,0.43797250393250514
23773,0.28207505122816057
23774,0.7257426553982745
23779,0.4337320363575756
23782,0.47984774085436716
23793,0.45338108552649437
23803,0.923005749110612
23828,0.6802158706269809
23833,0.6802158706269809
23834,0.7496360693625497
23844,0.33955337223089244
23845,0.7293430316830392
23852,0.7904113525611444
23855,0.7293430316830392
23867,0.3451311944092569
23872,0.6071845517365566
23874,0.44638579135697204
23880,0.3337058189776486
23886,0.30594788585798843
23898,0.33107537411842053
23900,0.3024376891550186
23903,0.29232226106419534
23907,0.2978308056333864
23908,0.7808664905246148
23912,0.293805290338137
23916,0.313726202689426
23917,0.4309377095813485
23918,0.3670751824807971
23922,0.3573726912053549
23928,0.3054566859471049
23940,0.6498689201181322
23944,0.6193841809790501
23945,0.4902308737497468
23951,0.33797579367474484
23966,0.3018298771922356
23970,0.29084745620702795
23971,0.3274959876767097
23976,0.6654546398551515
23980,0.3173301783424968
23987,0.8845861417483746
23988,0.3492706069841293
23993,0.3909388531803449
23997,0.45507218843422703
23998,0.40130302850356336
23999,0.702768431583114
24010,0.6223104311501505
24015,0.6121064070042053
24023,0.3351876952390755
24033,0.30842274161322547
24046,0.6444946346581513
24060,0.3612286208606746
24062,0.31910129292622563
24065,0.675298203580321
24070,0.3269846683211021
24071,0.20773688846190477
24073,0.36540624681279477
24079,0.40918198901743225
24082,0.9027331313461203
24084,0.3892294647245761
24089,0.39998582394835286
24094,0.3648133553783918
24100,0.30379077704105706
24105,0.34424182905148454
24106,0.2657731722315798
24108,0.693653020726104
24111,0.9138612247722154
24120,0.30086601108429806
24125,0.6284512432170046
24134,0.6447756709858442
24140,0.30964908637371596
24151,0.3337301053256102
24153,0.2367198348796079
24154,0.37007767217342324
24161,0.3496514775758145
24166,0.34630345693729764
24170,0.6644668737291155
24176,0.286449884248682
24182,0.6494150977307044
24188,0.38015437293907295
24190,0.34842923331413145
24201,0.8685918530288598
24211,0.8046810978624604
24215,0.6839436631848156
24216,0.9027625329726332
24219,0.28433122128814403
24222,0.7186817440466245
24240,0.9183472347430098
24243,0.35092765217595323
24245,0.3477531330142143
24251,0.3290494292757179
24256,0.9171800498192196
24258,0.27975807735070396
24261,0.3582148401112208
24263,0.3318092467578603
24264,0.3380320288442657
24266,0.29928895050378274
24273,0.35752073567504034
24278,0.36319273700395077
24289,0.8947524372808895
24292,0.41569466764287094
24293,0.3767447368100583
24298,0.8947524372808895
24299,0.3849788638560491
24303,0.7082994483766523
24304,0.34653082559481013
24305,0.3384498304069559
24329,0.3954638142076363
24341,0.31663280486024203
24345,0.7048342062710624
24353,0.30379081071972447
24358,0.9070351699596824
24364,0.6539700451151652
24367,0.32463733574068365
24370,0.6857345916697775
24377,0.3637913398079649
24380,0.3135998034219606
24381,0.2862944207222488
24387,0.36647227409006533
24391,0.3562257681537742
24409,0.8947524372808895
24413,0.38004802755136613
24416,0.37761916630103237
24427,0.6562791178740213
24439,0.28832329469611057
24443,0.3737062674180907
24448,0.3630929248923454
24454,0.6392712083148664
24455,0.30397893484821764
24461,0.3169114889017273
24464,0.35208949384371363
24468,0.32597935920389787
24469,0.3141981128874977
24501,0.3204459672896305
24508,0.30508290222516415
24519,0.3607561420033755
24520,0.892922403061678
24538,0.5076509223611477
24540,0.7224704756954652
24550,0.34285573416284
24552,0.28204953178036807
24561,0.31899851913737165
24577,0.4557507989896283
24579,0.38663880592749716
24580,0.3852083164215396
24582,0.3829978184391393
24591,0.6693424126090942
24592,0.3378053545077743
24599,0.7094582174726406
24602,0.3355245649681396
24606,0.35748972715874555
24617,0.3393312894562779
24619,0.6989545155348298
24630,0.20545186590241116
24633,0.8131709559032819
24634,0.5450279763418495
24638,0.3587853145819558
24641,0.35915783750433977
24644,0.36050514957015223
24645,0.8131709559032819
24656,0.371655336855088
24661,0.3576052882346943
24663,0.7065645774707786
24667,0.37396329949000556
24669,0.7065645774707786
24682,0.3626210259204388
24698,0.30259623552664655
24699,0.7149737502952965
24702,0.320949221688572
24703,0.4495023157011474
24717,0.3871252708253507
24724,0.9231808835723676
24731,0.3083795333538136
24737,0.29557114148243996
24740,0.3373549549868386
24743,0.31928083146526587
24744,0.9198106342191128
24755,0.5473595718363974
24757,0.357708193239657
24765,0.5473595718363974
24766,0.3692032835015762
24776,0.6994296360768804
24787,0.9031319088364042
24789,0.3201898898515648
24791,0.31295492486127124
24792,0.3469040984446684
24804,0.1765763620650348
24812,0.3632086600646818
24816,0.40379044268123243
24817,0.3902150498699127
24820,0.6555648084691942
24828,0.33387060829566817
24832,0.2789697828030037
24836,0.3306848099421552
24842,0.696402222237271
24846,0.3001813046484062
24847,0.31879864590581153
24848,0.906208835498868
24851,0.696402222237271
24855,0.696402222237271
24856,0.31293761522396996
24871,0.5594823163516414
24874,0.3999362010042771
24877,0.3930605519228358
24889,0.3439486334055499
24897,0.3179492616455271
24899,0.7208118499595655
24908,0.38106711570235324
24913,0.7635419756095014
24923,0.3495496458075716
24933,0.3817566411252235
24971,0.36268722197435277
24973,0.9124360916106905
24993,0.5148501161788693
24998,0.5148501161788693
25000,0.8898073049813062
25001,0.8898073049813062
25002,0.34693278628159296
25003,0.9070351699596824
25009,0.3156579587947351
25024,0.3217287925613532
25026,0.3292770473712999
25027,0.91572734428967
25034,0.3165044787817986
25050,0.3285385053492986
25057,0.35208961945395745
25067,0.805397690896181
25075,0.39855765044217795
25081,0.37907353678022776
25085,0.3781008202274664
25093,0.3681701152866135
25097,0.39560881521556096
25103,0.37825235883954433
25104,0.7439835234303112
25109,0.33816465146896457
25112,0.8019749381806254
25113,0.35598822756649023
25114,0.325656453939923
25119,0.2863701670030864
25121,0.3066723537477663
25122,0.7825870008914708
25124,0.6572194817638783
25131,0.3484843860418149
25134,0.7947586832654874
25144,0.3521644087999087
25147,0.8021642977670221
25148,0.4920008507518801
25149,0.3633968879113224
25155,0.4920008507518801
25169,0.7240295670056205
25177,0.7505020961736416
25178,0.3612420972759872
25179,0.34751113928196375
25180,0.7505020961736416
25191,0.7273485490506002
25199,0.37477367826908903
25232,0.40431987016242943
25241,0.36806761316643183
25242,0.775128511361867
25243,0.32198680139084557
25246,0.3208119442993602
25259,0.687268205597926
25265,0.6942883542164857
25278,0.717396078782975
25280,0.37047388170330053
25284,0.3748538325376001
25286,0.717396078782975
25288,0.3808215990204541
25318,0.9118349523735421
25330,0.7055543708409809
25333,0.3432504132523184
25339,0.3348871895079966
25340,0.7055543708409809
25346,0.3957957892772222
25349,0.8386003211727142
25351,0.3351797792272847
25361,0.8007947807777592
25366,0.36418728611090245
25368,0.9112771951214469
25369,0.3653922276747697
25370,0.3895536109746045
25375,0.20051992669200228
25376,0.6863237923596233
25377,0.35497582303772157
25379,0.3615448511330731
25382,0.5116650839409873
25386,0.5116650839409873
25389,0.5116650839409873
25399,0.3587511404471652
25400,0.8803668943428222
25401,0.6693087558439208
25407,0.28730238897079635
25409,0.31159165560709945
25412,0.3721455780256558
25416,0.31318095905151416
25418,0.3481331775069188
25423,0.341801928624916
25436,0.3370790683510419
25439,0.2830922138331867
25442,0.3572292797580729
25445,0.8874725265851153
25446,0.362015361418159
25453,0.3365507590314297
25456,0.36013985341747917
25458,0.27297728068647037
25460,0.34092328289977647
25461,0.3024763163286891
25468,0.7901989091091036
25470,0.36777407272996643
25471,0.30296065655122156
25482,0.3940264772615071
25501,0.8495920255862599
25504,0.7344849126228711
25515,0.2896908376375696
25518,0.3310591785527681
25528,0.35621969175964124
25533,0.3494121517672493
25543,0.32399474345055573
25548,0.3359948842834537
25564,0.2868392665888227
25572,0.6863237923596233
25576,0.3586131637152258
25577,0.3895536109746045
25587,0.337817183702902
25591,0.3428993564514233
25596,0.2700107349936362
25598,0.3139457513576317
25617,0.33477519926370103
25618,0.8307594696932379
25620,0.3476888560258115
25623,0.3576147752637311
25626,0.3549711746670878
25628,0.3499566313340087
25633,0.471679440794424
25637,0.3576561079739511
25644,0.3192462772198123
25662,0.338303839230846
25663,0.3759192334166372
25673,0.610541732106759
25678,0.3555530505001174
25685,0.35786437469351307
25691,0.3411599202009079
25706,0.3607537686280119
25707,0.3653937344893203
25723,0.35016007764795704
25725,0.36371172108279853
25735,0.7215073938560367
25740,0.3786690219076887
25759,0.36680476792425626
25761,0.7859665685403546
25769,0.3598705466099857
25774,0.3079757288881804
25779,0.6464498844700095
25781,0.35432320343413914
25784,0.8663898028924654
25790,0.9138084170622998
25796,0.3562024272389008
25816,0.3730274866594944
25847,0.3068780493992184
25850,0.3063873500308173
25852,0.7604122377982874
25856,0.3900791121886858
25866,0.3913258106915829
25867,0.7036829639220745
25868,0.3840324265679091
25869,0.5126405536061851
25877,0.7038174734112846
25878,0.2977907276287701
25890,0.34090846765545785
25898,0.8714385127686479
25899,0.3591101144915288
25906,0.9002723476136046
25907,0.7099438725176298
25915,0.9002723476136046
25932,0.6441118603877967
25939,0.35290270050179506
25946,0.6441118603877967
25951,0.6441118603877967
25959,0.4585603258887714
25961,0.37398416160307757
25964,0.48202571842720815
25969,0.34853736587241535
25980,0.3387418764102658
25986,0.35846527348749
25992,0.39330387596334915
25998,0.38992926583049203
26000,0.4608542108447988
26006,0.3733007915676865
26009,0.3519198836788562
26016,0.7272330421320966
26023,0.9273801128792992
26038,0.5151973444618585
26041,0.31966139802406274
26050,0.3843396045417425
26051,0.9255511279094655
26057,0.39872538905441146
26060,0.3134214278120219
26062,0.3676920715302983
26067,0.8766919708801011
26068,0.3115659459326846
26072,0.3402430000458497
26074,0.7713912372414987
26075,0.336514254124789
26081,0.6253465817066624
26108,0.6850616009093028
26112,0.9039646444522089
26113,0.2755876532177336
26115,0.38241682581647135
26122,0.30788608290193353
26139,0.2785598785785982
26162,0.48628305188395626
26165,0.3575611399654213
26173,0.3882818079691948
26177,0.48628305188395626
26179,0.30115648974222214
26184,0.36364935630858386
26190,0.35869748324312595
26204,0.3609460232010023
26205,0.1855046480330846
26212,0.7606868839223573
26215,0.37702925638943174
26227,0.7578011587683936
26232,0.7033388973740273
26237,0.5147078605220792
26246,0.624998372599228
26248,0.7033388973740273
26249,0.4060830716776084
26260,0.3673377303115005
26263,0.3072057385693285
26267,0.8660349752591312
26269,0.37524198785432494
26271,0.7008307385589181
26273,0.7071083745953542
26286,0.3673377303115005
26297,0.3903336287954123
26309,0.39505014152333673
26313,0.38749738026830416
26319,0.3852540957734197
26329,0.3804034248293581
26330,0.7038131505192721
26333,0.39411880663679405
26361,0.7960946908927026
26366,0.682872430728551
26376,0.7291857369699785
26378,0.6048058340967502
26382,0.3572401653901768
26389,0.36331704787926683
26391,0.42081550687365205
26401,0.5544085243705351
26415,0.3091288381713512
26419,0.7185390474492617
26421,0.8904265107545426
26422,0.32816415974532315
26423,0.6491536835585372
26424,0.5229589403113191
26441,0.7174972941972583
26442,0.35779520558695954
26446,0.7408878759865831
26447,0.3374302140983183
26448,0.3392090084586806
26451,0.37026200187402286
26459,0.3323466805165822
26465,0.27091282373317055
26476,0.3020585401552826
26481,0.3191376457451631
26487,0.9058445550815194
26501,0.34104313158895183
26513,0.8053634916635299
26517,0.33361916229707733
26527,0.8975539509629682
26534,0.8053634916635299
26535,0.911822606033214
26545,0.34953276601281547
26550,0.3230832159133362
26558,0.31147371574454275
26571,0.7126562391960449
26573,0.3551617323956049
26575,0.3849263423011551
26578,0.3551617323956049
26583,0.858202992093257
26590,0.3688599875680798
26593,0.7575524351992976
26602,0.2971167645864734
26606,0.7130306167409449
26613,0.677693418829173
26615,0.3809948297930133
26618,0.38570982301887013
26628,0.9171389367611398
26630,0.7601814749551553
26635,0.32218423395647094
26645,0.3532839926381052
26648,0.2767961515038844
26651,0.34313167897872304
26660,0.30716424710934853
26663,0.6882919060028193
26664,0.78453034857769
26665,0.7810676895624389
26673,0.6261183681955511
26675,0.35415210748106585
26676,0.33364195330873847
26677,0.3555905913454649
26679,0.40675017197983176
26687,0.5040573489354102
26689,0.46527499705887343
26697,0.3423963444646197
26737,0.7685224815886006
26747,0.8967196966180717
26748,0.40236287373083574
26749,0.4040766411154908
26754,0.8967196966180717
26759,0.39764547889535107
26760,0.6924825660893118
26765,0.37960199586837423
26769,0.38873133020172956
26771,0.3880975341632576
26776,0.3895958405211891
26778,0.38921732908322015
26780,0.38337384690491644
26783,0.3948817204484686
26785,0.376292736997377
26800,0.3381471841381181
26804,0.31238187468995265
26812,0.3675071256764899
26816,0.3610617029934202
26823,0.7084173605210101
26834,0.36223993375156216
26836,0.7689346257347061
26841,0.7498712258288615
26845,0.390616854694657
26849,0.3977444049060629
26854,0.6644070039785496
26858,0.3966380449582925
26860,0.3738319506509535
26866,0.38604773718810054
26871,0.386720130897321
26873,0.34850854547904886
26905,0.3793806982419961
26907,0.3805571438227658
26920,0.7111984187234422
26924,0.2877644908375216
26930,0.2858850771738624
26942,0.6885581997682281
26944,0.3604939182808461
26949,0.7428020310951009
26952,0.838807571591225
26956,0.35372770199297465
26973,0.32409486607778426
26977,0.35516500766921383
26993,0.6453072003322462
26997,0.33580153385214095
26999,0.594305747182779
27021,0.34700498908316907
27023,0.3434417462440734
27025,0.1680551226643463
27027,0.34990094346224027
27032,0.7820838918777892
27034,0.331421200955529
27036,0.5525024712160916
27045,0.3490439362546553
27050,0.28920443895467024
27051,0.7750398317516843
27055,0.3669073834191642
27056,0.36709310020112823
27060,0.33556043353528847
27061,0.7672922027142149
27066,0.7672922027142149
27070,0.3628839209400283
27073,0.3651335793732083
27077,0.8007413813188565
27085,0.3657507223779863
27086,0.36695311877128245
27099,0.37172748752506096
27105,0.37172748752506096
27109,0.3446973555638663
27125,0.2899120037520112
27135,0.3780728624665516
27139,0.6851264660588192
27140,0.8958924200698771
27141,0.3780124671517208
27142,0.36428990692073354
27144,0.2721643745834479
27148,0.3436896277419428
27154,0.35271297048889627
27162,0.7663993196656976
27175,0.49954959735202636
27176,0.35288210073958987
27178,0.6758660562846412
27197,0.3548406196183831
27204,0.35194158526813
27205,0.3444367931481427
27206,0.3557589762305764
27207,0.35733262350906964
27216,0.363769995410629
27230,0.33557935591117133
27234,0.27859532242160745
27241,0.3599523315887975
27249,0.9069226800567073
27251,0.30175232105097305
27252,0.7723200759744403
27256,0.8092238476650843
27257,0.5047625200729862
27263,0.3387376215047098
27268,0.3528828439626307
27269,0.35835130185712855
27276,0.3517252971385907
27279,0.6676785955428999
27288,0.7674296040114129
27295,0.30325827016054124
27299,0.27573273829241335
27302,0.3394324995800995
27304,0.3636887218162871
27316,0.6992067790198931
27318,0.28855930370567506
27330,0.3436932987975746
27333,0.685560921732575
27335,0.34683040086206596
27339,0.34132951929617444
27341,0.2832498536504759
27342,0.33534038270855493
27345,0.46671062533523033
27347,0.4737366204517932
27354,0.4770331692870234
27361,0.28552689389410807
27375,0.6893803099127895
27387,0.7160998158575252
27390,0.7160998158575252
27392,0.9121279597519281
27399,0.28412104752496825
27403,0.3242315432334355
27410,0.5430581048500345
27423,0.33048941863919923
27429,0.328797254074822
27432,0.3449678311003302
27436,0.3415816590200358
27437,0.5842890947296207
27441,0.5790863031928078
27444,0.5524328372303469
27445,0.3418345919551066
27448,0.5720448284990616
27454,0.3385000798037202
27459,0.29815936750033323
27465,0.3438196598321962
27478,0.9063456073093696
27479,0.31615212345925015
27481,0.7239485639146922
27483,0.6987757607046011
27486,0.3197093072983213
27498,0.35637008601058007
27505,0.3506536159541579
27507,0.3398328455471067
27509,0.3385503119572583
27514,0.3517910844742254
27527,0.7777551812135021
27535,0.29453522783176145
27544,0.3163688998778789
27545,0.335945514202079
27556,0.3323668685166779
27563,0.3409042513505038
27569,0.34292860174048023
27585,0.7412281147291891
27589,0.44888190038526554
27605,0.3613947842839423
27608,0.7699790292840529
27609,0.33974665906962476
27611,0.2761988317018794
27621,0.49696226082710804
27626,0.8007819041614711
27629,0.3400958168056283
27645,0.7699790292840529
27651,0.360522939964374
27654,0.34705093446367574
27656,0.8089343316332718
27663,0.8089343316332718
27673,0.29155930864959634
27677,0.3613656153274579
27678,0.32546262228410083
27680,0.3268034554572428
27681,0.36536558814394654
27684,0.33737482945283825
27688,0.3164464037932681
27706,0.33774693626774793
27709,0.34110040015400117
27720,0.33754031224187736
27722,0.33856949232473793
27733,0.6199600861264049
27734,0.6060657682960792
27739,0.34527819843307866
27746,0.34016521369622427
27751,0.8863717407405937
27755,0.3523301248617433
27777,0.5345210806708518
27783,0.34994481019397944
27795,0.3603198884608536
27805,0.37193923965081727
27811,0.3403820072972391
27815,0.31869589905148643
27823,0.36028631339964035
27856,0.35508726259293155
27873,0.37225484915249857
27883,0.3615043548882828
27885,0.7910127008333575
27887,0.869718614143028
27899,0.35737826965169245
27921,0.361954266089494
27924,0.3474375879005799
27927,0.36165975026304953
27929,0.3622686449456117
27932,0.34502743170137123
27943,0.4126242329679721
27945,0.4126242329679721
27952,0.3405256765037871
27957,0.7342714808968572
27960,0.3759816724995707
27966,0.3642075023753988
27968,0.7987785531939019
27980,0.7987785531939019
27984,0.3246318287755856
27994,0.3681136799914208
27995,0.4005939438332435
28002,0.7987785531939019
28004,0.7431675745062067
28006,0.3341477961887573
28028,0.6651559970342245
28042,0.7878997857510563
28043,0.3666904176494844
28055,0.7074734428512807
28061,0.3666904176494844
28063,0.6845982403713295
28077,0.3634033150583846
28090,0.7878997857510563
28093,0.38655858413331334
28095,0.2649253856168555
28096,0.6944050466521221
28098,0.8177849011800193
28099,0.3823742486788682
28111,0.38199305450758547
28115,0.3241616606617503
28123,0.3106258692476094
28125,0.3881302167019594
28126,0.7360714967992784
28129,0.7360714967992784
28131,0.3397111552365027
28139,0.3576538691462481
28146,0.34905068406335465
28153,0.7553762227312458
28155,0.3603307869150791
28160,0.7268504060034704
28166,0.3618078706284442
28167,0.7605751445037936
28176,0.6698597969675412
28185,0.3768715679640599
28187,0.7931208302484068
28195,0.7931208302484068
28203,0.3533053280624043
28206,0.3549234021827847
28209,0.34183761167625615
28210,0.3438716773460113
28211,0.35806878004671244
28216,0.35865795229480385
28234,0.3560131773702816
28235,0.7931208302484068
28248,0.34487784850458636
28255,0.3445306680325851
28266,0.3546084108481187
28277,0.34874044302986035
28286,0.35122753937419393
28288,0.3519641880115362
28289,0.668929500377766
28290,0.348377041663245
28296,0.3411002457323443
28300,0.8435898807980605
28306,0.32413307468103464
28307,0.35630488522681336
28309,0.3551090071562549
28327,0.37089697063551214
28336,0.35836211013809055
28345,0.3486009719167692
28355,0.34062389628381784
28361,0.342565000471776
28362,0.350018846528272
28374,0.3280942063910521
28380,0.7299976701120791
28381,0.47630580693069524
28393,0.3273549163650502
28394,0.32845225681461143
28405,0.345861852491645
28413,0.3273824882953404
28426,0.7773619246869149
28428,0.792087815486563
28429,0.7773619246869149
28442,0.3403630386827073
28445,0.3308552462998912
28457,0.9051494590360339
28459,0.7382828935983694
28462,0.3406842081767602
28478,0.29324967403741015
28490,0.32879220369528916
28492,0.3284233563845457
28499,0.3189089081174118
28500,0.3891334666057742
28506,0.8112633562623855
28509,0.35896754385841606
28513,0.3508416286862053
28516,0.355130999441426
28519,0.9179262045693439
28526,0.32462155690615185
28527,0.3055507544749665
28528,0.7721989069732619
28533,0.35848170566330323
28547,0.3489816438859911
28551,0.3509256179618225
28563,0.349531882920593
28566,0.36628875165852437
28568,0.3663308374922186
28580,0.35072148712493273
28589,0.34334926022351886
28590,0.8112633562623855
28606,0.36390195338192877
28613,0.35074897526046506
28615,0.31039946825797804
28619,0.3016606106324325
28629,0.6785694155426065
28633,0.3613317939896051
28635,0.7967142433751095
28646,0.3235357246051587
28648,0.7437370052085487
28651,0.35608655491712193
28660,0.7967142433751095
28681,0.38657925141781213
28693,0.5715177801498884
28696,0.34700965207857953
28703,0.3535228140194736
28709,0.355134815425795
28712,0.7966729247903009
28718,0.34197301470038616
28719,0.6663245617676625
28727,0.3177775218270974
28730,0.7992013229826291
28732,0.6993122612223596
28740,0.3428514324400552
28747,0.38657925141781213
28752,0.6993122612223596
28757,0.33002105172952007
28764,0.35846239317028916
28765,0.7349485400860627
28770,0.7353789985686334
28772,0.6920514031272861
28783,0.36901989236283284
28786,0.32784909796371386
28796,0.3452272237989115
28799,0.7748729017773202
28806,0.6948797908392776
28807,0.3443666304829962
28815,0.3685497662688689
28818,0.3610466710078104
28823,0.38158311184916877
28824,0.49716109819370674
28831,0.8903852622500447
28834,0.5043364115493947
28841,0.3604457576561601
28848,0.7404815690016074
28882,0.48682232322583036
28884,0.3622173952123087
28904,0.3312796250582992
28907,0.3195448839305497
28919,0.3355706562531444
28920,0.7309978275327228
28928,0.30452110398966187
28935,0.19628526361171258
28936,0.3131351026429159
28945,0.35870738756394543
28950,0.7775376512936069
28957,0.45193462653409155
28963,0.36226207098658936
28974,0.39385599177212394
28980,0.36576722221757335
28988,0.5045426732040319
28999,0.3562453401174603
29001,0.5549036343759154
29004,0.2766623410921474
29006,0.3611993132183658
29012,0.3491856969727157
29018,0.39385599177212394
29027,0.3442969890251257
29030,0.3264276596420286
29032,0.3598081318488301
29039,0.2661062367533638
29043,0.3339730138086634
29056,0.7166567528951333
29064,0.6997413533877943
29068,0.26390387926335823
29069,0.2579285799499972
29074,0.23306193685541923
29076,0.27368046629658455
29085,0.30062579986869425
29088,0.7098505052876325
29091,0.33478919467451745
29092,0.6976623379371202
29093,0.33115542649329394
29094,0.5122151800157376
29108,0.7098505052876325
29114,0.2900492827663028
29115,0.3024892052672515
29118,0.3008570616805572
29125,0.2855607965914965
29127,0.6997413533877943
29150,0.3263000859242265
29152,0.30550890773876926
29155,0.7581983629309896
29165,0.3037510292992276
29167,0.33751788567045016
29174,0.33751788567045016
29180,0.3230186478894929
29185,0.3177599259178637
29190,0.31681047365367493
29192,0.9158338981360606
29194,0.3481335404445449
29220,0.3548874203547019
29231,0.5458903066834498
29237,0.5531937437763339
29240,0.5149826801845486
29247,0.3577148837918181
29256,0.3150009512174667
29275,0.35375611403588764
29278,0.3765274532465519
29280,0.7171263732754487
29286,0.3693358897000828
29288,0.6380767380594254
29305,0.6198913404414248
29327,0.45917770972066535
29329,0.716861740350739
29333,0.3560398931232198
29335,0.362128855147973
29342,0.9077711083715179
29344,0.355451285121126
29353,0.3690556956668706
29358,0.3445562803790798
29373,0.3590845216160671
29392,0.34022610267836534
29393,0.6553936186797543
29395,0.8708909591518246
29403,0.7347878102426961
29405,0.6092123474851168
29410,0.28179504772696
29423,0.32584531988123927
29427,0.7798891020820979
29429,0.3088476186179488
29432,0.33097804101619166
29440,0.6625697262867256
29447,0.33141874760774037
29448,0.3095635496387807
29452,0.6246814903607144
29455,0.32218610560655675
29461,0.2863831230275298
29466,0.32938270930952546
29474,0.322562486186218
29476,0.32917161140212725
29486,0.5702690959710898
29494,0.33141874760774037
29497,0.5640162165470501
29505,0.2685781191231907
29511,0.7056429307814798
29516,0.619869215504238
29522,0.2842110885935255
29523,0.22310022138963131
29524,0.21410431870721458
29529,0.22850055437186495
29533,0.2852950540025599
29535,0.28838565364503826
29548,0.32569964175314553
29551,0.3358622181114649
29563,0.3268832154548278
29574,0.39776163384116575
29575,0.3217912464176272
29592,0.34330240382963045
29599,0.5202551728780671
29608,0.2790594296206492
29613,0.5138940860986688
29620,0.33065669469195125
29630,0.7857120928357124
29637,0.36681685409434417
29638,0.36377420292185875
29643,0.3403533900020166
29648,0.33200840938225457
29657,0.3406768422992332
29659,0.3343837623290845
29662,0.34799967435743406
29665,0.33934667210768255
29699,0.8186003797330893
29706,0.5669149672319687
29715,0.2681369543867521
29716,0.35855426380373756
29717,0.36056787722511874
29721,0.2728946399126592
29731,0.35087952608074874
29735,0.33430771838367923
29739,0.5930470713782341
29742,0.6037027149304053
29747,0.8406685302378389
29749,0.5739866551043454
29754,0.878538116574152
29773,0.43864147976753376
29777,0.5727161826021095
29779,0.343481704141109
29783,0.3503730070331604
29786,0.35292907983977234
29805,0.6611685915626306
29811,0.4826894055373887
29812,0.48369961685641644
29815,0.5841710406738223
29819,0.34232120246880093
29833,0.3220858129744225
29847,0.34474205470616504
29854,0.6370907829754469
29856,0.4151970480658499
29859,0.34126380678543944
29864,0.381484396326991
29865,0.37859901301390925
29867,0.3662230913873618
29885,0.48607411991687294
29894,0.34947645073420797
29900,0.35870624463937706
29910,0.5236579052000948
29928,0.3157203521467224
29942,0.31831378420993467
29951,0.46428978699289797
29953,0.476990681093529
29962,0.28648437935132565
29968,0.3123764414200967
29974,0.7766692720953178
29980,0.7782255437405106
29987,0.29798958563864014
29993,0.6303818070610422
30001,0.6266138286843072
30005,0.6112947865541623
30015,0.3157203521467224
30034,0.2978428749414511
30041,0.4125117627295858
30044,0.42003691308785057
30058,0.34842854430300946
30061,0.3166539566445965
30064,0.3166539566445965
30065,0.36293819384513987
30069,0.3259762210069731
30074,0.34946096560030987
30076,0.2859163095141196
30080,0.21850806256878136
30086,0.788388787125948
30087,0.3104238972151204
30092,0.3098817689978592
30093,0.6717363087924746
30096,0.35254140577184784
30097,0.6717363087924746
30098,0.3236568079459807
30102,0.6071845517365566
30106,0.3874305307015252
30110,0.6427559842460867
30111,0.8995769564872016
30122,0.3553962252927869
30128,0.35122114144780825
30130,0.6547551314677673
30131,0.3940427384845267
30132,0.3243612159568215
30135,0.3186129249134688
30137,0.8087728430697154
30157,0.7186817440466245
30158,0.7601864227974855
30162,0.2885034662414407
30170,0.7194326261455298
30174,0.31890285073411073
30195,0.6316127702649299
30196,0.3494270440567272
30204,0.3525145529165376
30207,0.8248151624058008
30209,0.6316127702649299
30212,0.3528971235895178
30221,0.33947175429737875
30225,0.6316127702649299
30229,0.355470361335392
30231,0.36859715883519767
30233,0.35758009789027284
30237,0.3708207847987304
30239,0.5994321110033094
30242,0.4175924046454768
30244,0.3620035115448466
30249,0.3579954292997744
30262,0.369063022249025
30286,0.35871795712392524
30292,0.35682789632407824
30303,0.35805642367618007
30320,0.3356159383216935
30322,0.356934309930232
30355,0.40564166888930353
30356,0.37491702716659825
30372,0.3974642003318932
30375,0.3726364516133261
30379,0.3857678292077121
30384,0.383759274262203
30386,0.36609484501412104
30394,0.39484007807815213
30395,0.3752370508702272
30396,0.385776280489909
30397,0.38146680462104593
30402,0.35532603933847506
30413,0.32050829592968844
30416,0.37578018801593127
30420,0.2931021002818228
30422,0.7699649703392553
30432,0.3573892029166667
30434,0.37574030849853035
30438,0.3717065241734979
30444,0.2928040534368358
30446,0.5264553470398067
30455,0.3772335963214465
30457,0.39631860905944805
30459,0.40161461851213465
30463,0.5399553829762386
30468,0.3673026911934832
30477,0.3747298454015993
30478,0.3714422373057673
30481,0.3844998144037503
30482,0.3724305030291393
30487,0.35660697633554206
30491,0.3773179990534485
30496,0.6942883542164857
30501,0.3043574846732369
30506,0.3015720044071161
30511,0.38032340688274646
30513,0.41603882372683076
30516,0.34268404745591174
30520,0.3790175204094744
30531,0.37679281085028776
30542,0.7758972552780552
30555,0.3941311399527924
30557,0.3785687538288909
30568,0.4021008102857304
30570,0.8952761329380992
30584,0.38475997843121545
30594,0.7022406973263695
30614,0.34342419751022607
30617,0.32019064710721273
30618,0.7901150460096312
30631,0.33055817903972023
30632,0.3100529751415913
30634,0.6943935001702225
30636,0.2981069379590618
30637,0.2981069379590618
30639,0.3373056528334974
30647,0.32566639293057126
30649,0.33315841181986316
30656,0.3396713669216083
30660,0.32637307280401584
30665,0.3356998545658449
30669,0.31824891040016656
30681,0.28951307879713195
30683,0.7092292543137149
30687,0.7868194494626999
30694,0.28951307879713195
